institute,arm,replicate,time,flagged_volume_ul,flagged_limit_log10,best_quantified_log10,contradicted
A,INH 10X MIC,1,2.0,10.0,2.0,2.60205999132796,True
A,INH 10X MIC,1,2.0,2.5,2.6020599913279625,2.60205999132796,False
A,INH 10X MIC,1,3.0,10.0,2.0,1.0,False
A,INH 10X MIC,1,3.0,10.0,2.0,1.0,False
A,INH 10X MIC,1,7.0,100.0,1.0,,False
A,INH 10X MIC,1,7.0,10.0,2.0,2.0,False
A,INH 10X MIC,1,7.0,2.5,2.6020599913279625,2.0,False
A,INH 10X MIC,1,10.0,100.0,1.0,,False
A,INH 10X MIC,1,10.0,10.0,2.0,,False
A,INH 10X MIC,1,10.0,10.0,2.0,,False
A,INH 10X MIC,1,10.0,2.5,2.6020599913279625,,False
A,INH 10X MIC,1,14.0,100.0,1.0,,False
A,INH 10X MIC,1,14.0,10.0,2.0,,False
A,INH 10X MIC,1,14.0,10.0,2.0,,False
A,INH 10X MIC,1,14.0,2.5,2.6020599913279625,,False
A,INH 10X MIC,1,21.0,100.0,1.0,,False
A,INH 10X MIC,1,21.0,10.0,2.0,,False
A,INH 10X MIC,1,21.0,10.0,2.0,,False
A,INH 10X MIC,1,21.0,2.5,2.6020599913279625,,False
A,INH 10X MIC,2,1.0,10.0,2.0,2.38021124171161,True
A,INH 10X MIC,2,2.0,10.0,2.0,1.60205999132796,False
A,INH 10X MIC,2,2.0,10.0,2.0,1.60205999132796,False
A,INH 10X MIC,2,2.0,2.5,2.6020599913279625,1.60205999132796,False
A,INH 10X MIC,2,3.0,10.0,2.0,1.30102999566398,False
A,INH 10X MIC,2,3.0,10.0,2.0,1.30102999566398,False
A,INH 10X MIC,2,7.0,10.0,2.0,1.0,False
A,INH 10X MIC,2,7.0,10.0,2.0,1.0,False
A,INH 10X MIC,2,7.0,2.5,2.6020599913279625,1.0,False
A,INH 10X MIC,2,10.0,100.0,1.0,,False
A,INH 10X MIC,2,10.0,10.0,2.0,,False
A,INH 10X MIC,2,10.0,10.0,2.0,,False
A,INH 10X MIC,2,10.0,2.5,2.6020599913279625,,False
A,INH 10X MIC,2,14.0,100.0,1.0,,False
A,INH 10X MIC,2,14.0,10.0,2.0,,False
A,INH 10X MIC,2,14.0,10.0,2.0,,False
A,INH 10X MIC,2,14.0,2.5,2.6020599913279625,,False
A,INH 10X MIC,2,21.0,100.0,1.0,,False
A,INH 10X MIC,2,21.0,10.0,2.0,,False
A,INH 10X MIC,2,21.0,10.0,2.0,,False
A,INH 10X MIC,2,21.0,2.5,2.6020599913279625,,False
A,INH 10X MIC,3,1.0,10.0,2.0,2.46239799789896,True
A,INH 10X MIC,3,2.0,10.0,2.0,2.69897000433602,True
A,INH 10X MIC,3,3.0,100.0,1.0,,False
A,INH 10X MIC,3,3.0,10.0,2.0,,False
A,INH 10X MIC,3,3.0,10.0,2.0,,False
A,INH 10X MIC,3,7.0,100.0,1.0,,False
A,INH 10X MIC,3,7.0,10.0,2.0,,False
A,INH 10X MIC,3,7.0,10.0,2.0,,False
A,INH 10X MIC,3,7.0,2.5,2.6020599913279625,,False
A,INH 10X MIC,3,10.0,100.0,1.0,,False
A,INH 10X MIC,3,10.0,10.0,2.0,,False
A,INH 10X MIC,3,10.0,10.0,2.0,,False
A,INH 10X MIC,3,10.0,2.5,2.6020599913279625,,False
A,INH 10X MIC,3,14.0,100.0,1.0,,False
A,INH 10X MIC,3,14.0,10.0,2.0,,False
A,INH 10X MIC,3,14.0,10.0,2.0,,False
A,INH 10X MIC,3,14.0,2.5,2.6020599913279625,,False
A,INH 10X MIC,3,21.0,100.0,1.0,,False
A,INH 10X MIC,3,21.0,10.0,2.0,,False
A,INH 10X MIC,3,21.0,10.0,2.0,,False
A,INH 10X MIC,3,21.0,2.5,2.6020599913279625,,False
A,INH 1X MIC,1,2.0,10.0,2.0,2.17609125905568,True
A,INH 1X MIC,1,2.0,10.0,2.0,2.17609125905568,True
A,INH 1X MIC,1,3.0,10.0,2.0,2.04139268515822,True
A,INH 1X MIC,1,3.0,10.0,2.0,2.04139268515822,True
A,INH 1X MIC,1,3.0,2.5,2.6020599913279625,2.04139268515822,False
A,INH 1X MIC,1,7.0,100.0,1.0,,False
A,INH 1X MIC,1,7.0,10.0,2.0,,False
A,INH 1X MIC,1,7.0,10.0,2.0,,False
A,INH 1X MIC,1,7.0,2.5,2.6020599913279625,,False
A,INH 1X MIC,1,14.0,10.0,2.0,3.47712125471966,True
A,INH 1X MIC,1,14.0,2.5,2.6020599913279625,3.47712125471966,True
A,INH 1X MIC,2,2.0,10.0,2.0,2.47712125471966,True
A,INH 1X MIC,2,2.0,2.5,2.6020599913279625,2.47712125471966,False
A,INH 1X MIC,2,3.0,10.0,2.0,1.84509804001426,False
A,INH 1X MIC,2,3.0,10.0,2.0,1.84509804001426,False
A,INH 1X MIC,2,7.0,100.0,1.0,,False
A,INH 1X MIC,2,7.0,10.0,2.0,,False
A,INH 1X MIC,2,7.0,10.0,2.0,,False
A,INH 1X MIC,2,7.0,2.5,2.6020599913279625,,False
A,INH 1X MIC,2,10.0,10.0,2.0,2.0,False
A,INH 1X MIC,2,10.0,2.5,2.6020599913279625,2.0,False
A,INH 1X MIC,2,14.0,10.0,2.0,3.0,True
A,INH 1X MIC,2,14.0,2.5,2.6020599913279625,3.0,True
A,INH 1X MIC,3,2.0,10.0,2.0,2.47712125471966,True
A,INH 1X MIC,3,2.0,2.5,2.6020599913279625,2.47712125471966,False
A,INH 1X MIC,3,3.0,10.0,2.0,1.84509804001426,False
A,INH 1X MIC,3,3.0,10.0,2.0,1.84509804001426,False
A,INH 1X MIC,3,3.0,2.5,2.6020599913279625,1.84509804001426,False
A,INH 1X MIC,3,7.0,100.0,1.0,,False
A,INH 1X MIC,3,7.0,10.0,2.0,,False
A,INH 1X MIC,3,7.0,10.0,2.0,,False
A,INH 1X MIC,3,7.0,2.5,2.6020599913279625,,False
A,INH 1X MIC,3,10.0,10.0,2.0,1.95424250943932,False
A,INH 1X MIC,3,10.0,10.0,2.0,1.95424250943932,False
A,INH 1X MIC,3,10.0,2.5,2.6020599913279625,1.95424250943932,False
A,MXF 10X MIC,1,1.0,2.5,2.6020599913279625,2.60205999132796,False
A,MXF 10X MIC,1,7.0,100.0,1.0,,False
A,MXF 10X MIC,1,10.0,10.0,2.0,1.60205999132796,False
A,MXF 10X MIC,1,10.0,10.0,2.0,1.60205999132796,False
A,MXF 10X MIC,1,10.0,2.5,2.6020599913279625,1.60205999132796,False
A,MXF 10X MIC,1,14.0,100.0,1.0,,False
A,MXF 10X MIC,1,14.0,10.0,2.0,,False
A,MXF 10X MIC,1,14.0,10.0,2.0,,False
A,MXF 10X MIC,1,14.0,2.5,2.6020599913279625,,False
A,MXF 10X MIC,2,1.0,2.5,2.6020599913279625,2.77815125038364,True
A,MXF 10X MIC,2,3.0,10.0,2.0,1.90308998699194,False
A,MXF 10X MIC,2,3.0,10.0,2.0,1.90308998699194,False
A,MXF 10X MIC,2,7.0,10.0,2.0,1.60205999132796,False
A,MXF 10X MIC,2,7.0,10.0,2.0,1.60205999132796,False
A,MXF 10X MIC,2,7.0,2.5,2.6020599913279625,1.60205999132796,False
A,MXF 10X MIC,2,10.0,10.0,2.0,1.30102999566398,False
A,MXF 10X MIC,2,10.0,10.0,2.0,1.30102999566398,False
A,MXF 10X MIC,2,10.0,2.5,2.6020599913279625,1.30102999566398,False
A,MXF 10X MIC,2,14.0,100.0,1.0,,False
A,MXF 10X MIC,2,14.0,10.0,2.0,,False
A,MXF 10X MIC,2,14.0,10.0,2.0,,False
A,MXF 10X MIC,2,14.0,2.5,2.6020599913279625,,False
A,MXF 10X MIC,3,2.0,10.0,2.0,2.0,False
A,MXF 10X MIC,3,2.0,10.0,2.0,2.0,False
A,MXF 10X MIC,3,2.0,2.5,2.6020599913279625,2.0,False
A,MXF 10X MIC,3,3.0,10.0,2.0,2.0,False
A,MXF 10X MIC,3,3.0,10.0,2.0,2.0,False
A,MXF 10X MIC,3,7.0,10.0,2.0,1.69897000433602,False
A,MXF 10X MIC,3,7.0,10.0,2.0,1.69897000433602,False
A,MXF 10X MIC,3,7.0,2.5,2.6020599913279625,1.69897000433602,False
A,MXF 10X MIC,3,10.0,10.0,2.0,1.60205999132796,False
A,MXF 10X MIC,3,10.0,10.0,2.0,1.60205999132796,False
A,MXF 10X MIC,3,10.0,2.5,2.6020599913279625,1.60205999132796,False
A,MXF 10X MIC,3,14.0,100.0,1.0,,False
A,MXF 10X MIC,3,14.0,10.0,2.0,2.30102999566398,True
A,MXF 10X MIC,3,14.0,2.5,2.6020599913279625,2.30102999566398,False
B,INH 10X MIC,1,1.0,10.0,2.0,2.60205999132796,True
B,INH 10X MIC,1,1.0,2.5,2.6020599913279625,2.60205999132796,False
B,INH 10X MIC,1,2.0,2.5,2.6020599913279625,3.0,True
B,INH 10X MIC,1,3.0,100.0,1.0,,False
B,INH 10X MIC,1,3.0,10.0,2.0,2.0,False
B,INH 10X MIC,1,3.0,2.5,2.6020599913279625,2.0,False
B,INH 10X MIC,1,7.0,100.0,1.0,,False
B,INH 10X MIC,1,7.0,10.0,2.0,,False
B,INH 10X MIC,1,7.0,10.0,2.0,,False
B,INH 10X MIC,1,7.0,2.5,2.6020599913279625,,False
B,INH 10X MIC,1,10.0,100.0,1.0,,False
B,INH 10X MIC,1,10.0,10.0,2.0,2.0,False
B,INH 10X MIC,1,10.0,2.5,2.6020599913279625,2.0,False
B,INH 10X MIC,1,14.0,100.0,1.0,,False
B,INH 10X MIC,1,14.0,10.0,2.0,,False
B,INH 10X MIC,1,14.0,10.0,2.0,,False
B,INH 10X MIC,1,14.0,2.5,2.6020599913279625,,False
B,INH 10X MIC,2,1.0,10.0,2.0,2.30102999566398,True
B,INH 10X MIC,2,1.0,2.5,2.6020599913279625,2.30102999566398,False
B,INH 10X MIC,2,2.0,10.0,2.0,2.30102999566398,True
B,INH 10X MIC,2,2.0,2.5,2.6020599913279625,2.30102999566398,False
B,INH 10X MIC,2,3.0,10.0,2.0,2.30102999566398,True
B,INH 10X MIC,2,3.0,2.5,2.6020599913279625,2.30102999566398,False
B,INH 10X MIC,2,7.0,100.0,1.0,,False
B,INH 10X MIC,2,7.0,10.0,2.0,,False
B,INH 10X MIC,2,7.0,10.0,2.0,,False
B,INH 10X MIC,2,7.0,2.5,2.6020599913279625,,False
B,INH 10X MIC,2,10.0,10.0,2.0,2.0,False
B,INH 10X MIC,2,10.0,10.0,2.0,2.0,False
B,INH 10X MIC,2,10.0,2.5,2.6020599913279625,2.0,False
B,INH 10X MIC,2,14.0,100.0,1.0,,False
B,INH 10X MIC,2,14.0,10.0,2.0,,False
B,INH 10X MIC,2,14.0,10.0,2.0,,False
B,INH 10X MIC,2,14.0,2.5,2.6020599913279625,,False
B,INH 10X MIC,3,1.0,10.0,2.0,2.84509804001426,True
B,INH 10X MIC,3,1.0,10.0,2.0,2.84509804001426,True
B,INH 10X MIC,3,1.0,2.5,2.6020599913279625,2.84509804001426,True
B,INH 10X MIC,3,2.0,10.0,2.0,2.0,False
B,INH 10X MIC,3,2.0,2.5,2.6020599913279625,2.0,False
B,INH 10X MIC,3,3.0,10.0,2.0,2.0,False
B,INH 10X MIC,3,3.0,10.0,2.0,2.0,False
B,INH 10X MIC,3,3.0,2.5,2.6020599913279625,2.0,False
B,INH 10X MIC,3,7.0,100.0,1.0,,False
B,INH 10X MIC,3,7.0,10.0,2.0,,False
B,INH 10X MIC,3,7.0,10.0,2.0,,False
B,INH 10X MIC,3,7.0,2.5,2.6020599913279625,,False
B,INH 10X MIC,3,10.0,100.0,1.0,,False
B,INH 10X MIC,3,10.0,10.0,2.0,,False
B,INH 10X MIC,3,10.0,10.0,2.0,,False
B,INH 10X MIC,3,10.0,2.5,2.6020599913279625,,False
B,INH 10X MIC,3,14.0,10.0,2.0,2.0,False
B,INH 10X MIC,3,14.0,10.0,2.0,2.0,False
B,INH 10X MIC,3,14.0,2.5,2.6020599913279625,2.0,False
B,INH 1X MIC,1,1.0,10.0,2.0,2.77815125038364,True
B,INH 1X MIC,1,2.0,10.0,2.0,2.30102999566398,True
B,INH 1X MIC,1,2.0,2.5,2.6020599913279625,2.30102999566398,False
B,INH 1X MIC,1,3.0,100.0,1.0,,False
B,INH 1X MIC,1,3.0,10.0,2.0,2.30102999566398,True
B,INH 1X MIC,1,3.0,2.5,2.6020599913279625,2.30102999566398,False
B,INH 1X MIC,1,7.0,100.0,1.0,,False
B,INH 1X MIC,1,7.0,10.0,2.0,3.0,True
B,INH 1X MIC,1,7.0,2.5,2.6020599913279625,3.0,True
B,INH 1X MIC,1,10.0,100.0,1.0,,False
B,INH 1X MIC,1,10.0,10.0,2.0,3.0,True
B,INH 1X MIC,1,10.0,2.5,2.6020599913279625,3.0,True
B,INH 1X MIC,1,14.0,100.0,1.0,,False
B,INH 1X MIC,1,14.0,2.5,2.6020599913279625,3.56820172406699,True
B,INH 1X MIC,2,1.0,10.0,2.0,2.77815125038364,True
B,INH 1X MIC,2,1.0,2.5,2.6020599913279625,2.77815125038364,True
B,INH 1X MIC,2,2.0,10.0,2.0,2.30102999566398,True
B,INH 1X MIC,2,2.0,2.5,2.6020599913279625,2.30102999566398,False
B,INH 1X MIC,2,3.0,100.0,1.0,,False
B,INH 1X MIC,2,3.0,10.0,2.0,2.0,False
B,INH 1X MIC,2,7.0,100.0,1.0,,False
B,INH 1X MIC,2,7.0,10.0,2.0,,False
B,INH 1X MIC,2,7.0,10.0,2.0,,False
B,INH 1X MIC,2,7.0,2.5,2.6020599913279625,,False
B,INH 1X MIC,2,10.0,10.0,2.0,2.60205999132796,True
B,INH 1X MIC,2,10.0,10.0,2.0,2.60205999132796,True
B,INH 1X MIC,2,10.0,2.5,2.6020599913279625,2.60205999132796,False
B,INH 1X MIC,2,14.0,100.0,1.0,,False
B,INH 1X MIC,3,1.0,10.0,2.0,2.84509804001426,True
B,INH 1X MIC,3,2.0,100.0,1.0,,False
B,INH 1X MIC,3,2.0,10.0,2.0,2.30102999566398,True
B,INH 1X MIC,3,2.0,2.5,2.6020599913279625,2.30102999566398,False
B,INH 1X MIC,3,3.0,10.0,2.0,3.69897000433602,True
B,INH 1X MIC,3,3.0,10.0,2.0,3.69897000433602,True
B,INH 1X MIC,3,7.0,100.0,1.0,,False
B,INH 1X MIC,3,7.0,10.0,2.0,,False
B,INH 1X MIC,3,7.0,10.0,2.0,,False
B,INH 1X MIC,3,7.0,2.5,2.6020599913279625,,False
B,INH 1X MIC,3,10.0,10.0,2.0,2.0,False
B,INH 1X MIC,3,10.0,10.0,2.0,2.0,False
B,INH 1X MIC,3,10.0,2.5,2.6020599913279625,2.0,False
B,INH 1X MIC,3,14.0,100.0,1.0,,False
B,MXF 10X MIC,1,1.0,10.0,2.0,2.90308998699194,True
B,MXF 10X MIC,1,2.0,10.0,2.0,2.30102999566398,True
B,MXF 10X MIC,1,2.0,2.5,2.6020599913279625,2.30102999566398,False
B,MXF 10X MIC,1,3.0,10.0,2.0,2.47712125471966,True
B,MXF 10X MIC,1,3.0,10.0,2.0,2.47712125471966,True
B,MXF 10X MIC,1,7.0,10.0,2.0,2.0,False
B,MXF 10X MIC,1,7.0,10.0,2.0,2.0,False
B,MXF 10X MIC,1,7.0,2.5,2.6020599913279625,2.0,False
B,MXF 10X MIC,1,10.0,100.0,1.0,,False
B,MXF 10X MIC,1,10.0,10.0,2.0,,False
B,MXF 10X MIC,1,10.0,10.0,2.0,,False
B,MXF 10X MIC,1,10.0,2.5,2.6020599913279625,,False
B,MXF 10X MIC,1,14.0,100.0,1.0,,False
B,MXF 10X MIC,1,14.0,10.0,2.0,,False
B,MXF 10X MIC,1,14.0,10.0,2.0,,False
B,MXF 10X MIC,1,14.0,2.5,2.6020599913279625,,False
B,MXF 10X MIC,2,2.0,10.0,2.0,2.47712125471966,True
B,MXF 10X MIC,2,2.0,2.5,2.6020599913279625,2.47712125471966,False
B,MXF 10X MIC,2,7.0,10.0,2.0,2.30102999566398,True
B,MXF 10X MIC,2,7.0,2.5,2.6020599913279625,2.30102999566398,False
B,MXF 10X MIC,2,10.0,100.0,1.0,,False
B,MXF 10X MIC,2,10.0,10.0,2.0,,False
B,MXF 10X MIC,2,10.0,10.0,2.0,,False
B,MXF 10X MIC,2,14.0,100.0,1.0,,False
B,MXF 10X MIC,2,14.0,10.0,2.0,2.0,False
B,MXF 10X MIC,2,14.0,2.5,2.6020599913279625,2.0,False
B,MXF 10X MIC,3,1.0,10.0,2.0,2.77815125038364,True
B,MXF 10X MIC,3,2.0,10.0,2.0,2.30102999566398,True
B,MXF 10X MIC,3,3.0,10.0,2.0,2.30102999566398,True
B,MXF 10X MIC,3,3.0,2.5,2.6020599913279625,2.30102999566398,False
B,MXF 10X MIC,3,7.0,10.0,2.0,2.0,False
B,MXF 10X MIC,3,7.0,10.0,2.0,2.0,False
B,MXF 10X MIC,3,7.0,2.5,2.6020599913279625,2.0,False
B,MXF 10X MIC,3,10.0,100.0,1.0,,False
B,MXF 10X MIC,3,10.0,10.0,2.0,,False
B,MXF 10X MIC,3,10.0,10.0,2.0,,False
B,MXF 10X MIC,3,10.0,2.5,2.6020599913279625,,False
B,MXF 10X MIC,3,14.0,100.0,1.0,,False
B,MXF 10X MIC,3,14.0,10.0,2.0,,False
B,MXF 10X MIC,3,14.0,10.0,2.0,,False
B,MXF 10X MIC,3,14.0,2.5,2.6020599913279625,,False
B,MXF 1X MIC,1,2.0,100.0,1.0,,False
B,untreated,2,2.0,100.0,1.0,,False
B,untreated,3,1.0,100.0,1.0,,False
C,INH 10X MIC,1,1.0,10.0,2.0,2.0,False
C,INH 10X MIC,1,1.0,2.5,2.6020599913279625,2.0,False
C,INH 10X MIC,1,2.0,100.0,1.0,,False
C,INH 10X MIC,1,2.0,10.0,2.0,,False
C,INH 10X MIC,1,2.0,10.0,2.0,,False
C,INH 10X MIC,1,2.0,2.5,2.6020599913279625,,False
C,INH 10X MIC,1,3.0,100.0,1.0,,False
C,INH 10X MIC,1,3.0,10.0,2.0,,False
C,INH 10X MIC,1,3.0,10.0,2.0,,False
C,INH 10X MIC,1,3.0,2.5,2.6020599913279625,,False
C,INH 10X MIC,1,7.0,100.0,1.0,,False
C,INH 10X MIC,1,7.0,10.0,2.0,,False
C,INH 10X MIC,1,7.0,10.0,2.0,,False
C,INH 10X MIC,1,7.0,2.5,2.6020599913279625,,False
C,INH 10X MIC,1,10.0,100.0,1.0,,False
C,INH 10X MIC,1,10.0,10.0,2.0,,False
C,INH 10X MIC,1,10.0,10.0,2.0,,False
C,INH 10X MIC,1,10.0,2.5,2.6020599913279625,,False
C,INH 10X MIC,1,14.0,100.0,1.0,,False
C,INH 10X MIC,1,14.0,10.0,2.0,,False
C,INH 10X MIC,1,14.0,10.0,2.0,,False
C,INH 10X MIC,1,14.0,2.5,2.6020599913279625,,False
C,INH 10X MIC,1,21.0,100.0,1.0,,False
C,INH 10X MIC,1,21.0,10.0,2.0,,False
C,INH 10X MIC,1,21.0,10.0,2.0,,False
C,INH 10X MIC,1,21.0,2.5,2.6020599913279625,,False
C,INH 10X MIC,1,28.0,100.0,1.0,,False
C,INH 10X MIC,1,28.0,10.0,2.0,,False
C,INH 10X MIC,1,28.0,10.0,2.0,,False
C,INH 10X MIC,1,28.0,2.5,2.6020599913279625,,False
C,INH 10X MIC,2,1.0,2.5,2.6020599913279625,2.30102999566398,False
C,INH 10X MIC,2,2.0,100.0,1.0,,False
C,INH 10X MIC,2,2.0,10.0,2.0,,False
C,INH 10X MIC,2,2.0,10.0,2.0,,False
C,INH 10X MIC,2,2.0,2.5,2.6020599913279625,,False
C,INH 10X MIC,2,3.0,100.0,1.0,,False
C,INH 10X MIC,2,3.0,10.0,2.0,,False
C,INH 10X MIC,2,3.0,10.0,2.0,,False
C,INH 10X MIC,2,3.0,2.5,2.6020599913279625,,False
C,INH 10X MIC,2,7.0,100.0,1.0,,False
C,INH 10X MIC,2,7.0,10.0,2.0,,False
C,INH 10X MIC,2,7.0,10.0,2.0,,False
C,INH 10X MIC,2,7.0,2.5,2.6020599913279625,,False
C,INH 10X MIC,2,10.0,100.0,1.0,,False
C,INH 10X MIC,2,10.0,10.0,2.0,,False
C,INH 10X MIC,2,10.0,10.0,2.0,,False
C,INH 10X MIC,2,10.0,2.5,2.6020599913279625,,False
C,INH 10X MIC,2,14.0,100.0,1.0,,False
C,INH 10X MIC,2,14.0,10.0,2.0,,False
C,INH 10X MIC,2,14.0,10.0,2.0,,False
C,INH 10X MIC,2,14.0,2.5,2.6020599913279625,,False
C,INH 10X MIC,2,21.0,100.0,1.0,,False
C,INH 10X MIC,2,21.0,10.0,2.0,,False
C,INH 10X MIC,2,21.0,10.0,2.0,,False
C,INH 10X MIC,2,21.0,2.5,2.6020599913279625,,False
C,INH 10X MIC,2,28.0,100.0,1.0,,False
C,INH 10X MIC,2,28.0,10.0,2.0,,False
C,INH 10X MIC,2,28.0,10.0,2.0,,False
C,INH 10X MIC,2,28.0,2.5,2.6020599913279625,,False
C,INH 10X MIC,3,1.0,10.0,2.0,2.30102999566398,True
C,INH 10X MIC,3,1.0,2.5,2.6020599913279625,2.30102999566398,False
C,INH 10X MIC,3,2.0,100.0,1.0,,False
C,INH 10X MIC,3,2.0,10.0,2.0,,False
C,INH 10X MIC,3,2.0,10.0,2.0,,False
C,INH 10X MIC,3,2.0,2.5,2.6020599913279625,,False
C,INH 10X MIC,3,3.0,100.0,1.0,,False
C,INH 10X MIC,3,3.0,10.0,2.0,,False
C,INH 10X MIC,3,3.0,10.0,2.0,,False
C,INH 10X MIC,3,3.0,2.5,2.6020599913279625,,False
C,INH 10X MIC,3,7.0,100.0,1.0,,False
C,INH 10X MIC,3,7.0,10.0,2.0,,False
C,INH 10X MIC,3,7.0,10.0,2.0,,False
C,INH 10X MIC,3,7.0,2.5,2.6020599913279625,,False
C,INH 10X MIC,3,10.0,100.0,1.0,,False
C,INH 10X MIC,3,10.0,10.0,2.0,,False
C,INH 10X MIC,3,10.0,10.0,2.0,,False
C,INH 10X MIC,3,10.0,2.5,2.6020599913279625,,False
C,INH 10X MIC,3,14.0,100.0,1.0,,False
C,INH 10X MIC,3,14.0,10.0,2.0,,False
C,INH 10X MIC,3,14.0,10.0,2.0,,False
C,INH 10X MIC,3,14.0,2.5,2.6020599913279625,,False
C,INH 10X MIC,3,21.0,100.0,1.0,,False
C,INH 10X MIC,3,21.0,10.0,2.0,,False
C,INH 10X MIC,3,21.0,10.0,2.0,,False
C,INH 10X MIC,3,21.0,2.5,2.6020599913279625,,False
C,INH 10X MIC,3,28.0,100.0,1.0,,False
C,INH 10X MIC,3,28.0,10.0,2.0,,False
C,INH 10X MIC,3,28.0,10.0,2.0,,False
C,INH 10X MIC,3,28.0,2.5,2.6020599913279625,,False
C,INH 1X MIC,1,2.0,10.0,2.0,2.44715803134222,True
C,INH 1X MIC,1,2.0,2.5,2.6020599913279625,2.44715803134222,False
C,INH 1X MIC,1,3.0,10.0,2.0,2.0,False
C,INH 1X MIC,1,3.0,2.5,2.6020599913279625,2.0,False
C,INH 1X MIC,1,7.0,100.0,1.0,,False
C,INH 1X MIC,1,7.0,10.0,2.0,,False
C,INH 1X MIC,1,7.0,10.0,2.0,,False
C,INH 1X MIC,1,7.0,2.5,2.6020599913279625,,False
C,INH 1X MIC,1,10.0,100.0,1.0,,False
C,INH 1X MIC,1,10.0,10.0,2.0,2.0,False
C,INH 1X MIC,1,10.0,2.5,2.6020599913279625,2.0,False
C,INH 1X MIC,1,14.0,10.0,2.0,3.04139268515822,True
C,INH 1X MIC,2,1.0,2.5,2.6020599913279625,3.69897000433602,True
C,INH 1X MIC,2,2.0,10.0,2.0,2.0,False
C,INH 1X MIC,2,2.0,2.5,2.6020599913279625,2.0,False
C,INH 1X MIC,2,3.0,100.0,1.0,,False
C,INH 1X MIC,2,3.0,10.0,2.0,,False
C,INH 1X MIC,2,3.0,10.0,2.0,,False
C,INH 1X MIC,2,3.0,2.5,2.6020599913279625,,False
C,INH 1X MIC,2,7.0,100.0,1.0,,False
C,INH 1X MIC,2,7.0,10.0,2.0,,False
C,INH 1X MIC,2,7.0,10.0,2.0,,False
C,INH 1X MIC,2,7.0,2.5,2.6020599913279625,,False
C,INH 1X MIC,2,10.0,100.0,1.0,,False
C,INH 1X MIC,2,10.0,10.0,2.0,,False
C,INH 1X MIC,2,10.0,10.0,2.0,,False
C,INH 1X MIC,2,10.0,2.5,2.6020599913279625,,False
C,INH 1X MIC,2,14.0,10.0,2.0,3.20411998265592,True
C,INH 1X MIC,2,14.0,2.5,2.6020599913279625,3.20411998265592,True
C,INH 1X MIC,3,1.0,2.5,2.6020599913279625,4.04139268515823,True
C,INH 1X MIC,3,2.0,10.0,2.0,2.0,False
C,INH 1X MIC,3,2.0,2.5,2.6020599913279625,2.0,False
C,INH 1X MIC,3,3.0,100.0,1.0,,False
C,INH 1X MIC,3,3.0,10.0,2.0,,False
C,INH 1X MIC,3,3.0,10.0,2.0,,False
C,INH 1X MIC,3,3.0,2.5,2.6020599913279625,,False
C,INH 1X MIC,3,7.0,100.0,1.0,,False
C,INH 1X MIC,3,7.0,10.0,2.0,,False
C,INH 1X MIC,3,7.0,10.0,2.0,,False
C,INH 1X MIC,3,7.0,2.5,2.6020599913279625,,False
C,INH 1X MIC,3,10.0,100.0,1.0,,False
C,INH 1X MIC,3,10.0,10.0,2.0,,False
C,INH 1X MIC,3,10.0,10.0,2.0,,False
C,INH 1X MIC,3,10.0,2.5,2.6020599913279625,,False
C,INH 1X MIC,3,14.0,100.0,1.0,,False
C,INH 1X MIC,3,14.0,10.0,2.0,3.0,True
C,INH 1X MIC,3,14.0,2.5,2.6020599913279625,3.0,True
C,MXF 10X MIC,1,7.0,100.0,1.0,,False
C,MXF 10X MIC,1,7.0,10.0,2.0,,False
C,MXF 10X MIC,1,7.0,10.0,2.0,,False
C,MXF 10X MIC,1,7.0,2.5,2.6020599913279625,,False
C,MXF 10X MIC,1,10.0,100.0,1.0,,False
C,MXF 10X MIC,1,10.0,10.0,2.0,,False
C,MXF 10X MIC,1,10.0,10.0,2.0,,False
C,MXF 10X MIC,1,10.0,2.5,2.6020599913279625,,False
C,MXF 10X MIC,1,14.0,100.0,1.0,,False
C,MXF 10X MIC,1,14.0,10.0,2.0,,False
C,MXF 10X MIC,1,14.0,10.0,2.0,,False
C,MXF 10X MIC,1,14.0,2.5,2.6020599913279625,,False
C,MXF 10X MIC,1,21.0,100.0,1.0,,False
C,MXF 10X MIC,1,21.0,10.0,2.0,,False
C,MXF 10X MIC,1,21.0,10.0,2.0,,False
C,MXF 10X MIC,1,21.0,2.5,2.6020599913279625,,False
C,MXF 10X MIC,1,28.0,100.0,1.0,,False
C,MXF 10X MIC,1,28.0,10.0,2.0,,False
C,MXF 10X MIC,1,28.0,10.0,2.0,,False
C,MXF 10X MIC,1,28.0,2.5,2.6020599913279625,,False
C,MXF 10X MIC,2,7.0,100.0,1.0,,False
C,MXF 10X MIC,2,7.0,10.0,2.0,,False
C,MXF 10X MIC,2,7.0,10.0,2.0,,False
C,MXF 10X MIC,2,7.0,2.5,2.6020599913279625,,False
C,MXF 10X MIC,2,10.0,100.0,1.0,,False
C,MXF 10X MIC,2,10.0,10.0,2.0,,False
C,MXF 10X MIC,2,10.0,10.0,2.0,,False
C,MXF 10X MIC,2,10.0,2.5,2.6020599913279625,,False
C,MXF 10X MIC,2,14.0,100.0,1.0,,False
C,MXF 10X MIC,2,14.0,10.0,2.0,,False
C,MXF 10X MIC,2,14.0,10.0,2.0,,False
C,MXF 10X MIC,2,14.0,2.5,2.6020599913279625,,False
C,MXF 10X MIC,2,21.0,100.0,1.0,,False
C,MXF 10X MIC,2,21.0,10.0,2.0,,False
C,MXF 10X MIC,2,21.0,10.0,2.0,,False
C,MXF 10X MIC,2,21.0,2.5,2.6020599913279625,,False
C,MXF 10X MIC,2,28.0,100.0,1.0,,False
C,MXF 10X MIC,2,28.0,10.0,2.0,,False
C,MXF 10X MIC,2,28.0,10.0,2.0,,False
C,MXF 10X MIC,2,28.0,2.5,2.6020599913279625,,False
C,MXF 10X MIC,3,7.0,100.0,1.0,,False
C,MXF 10X MIC,3,7.0,10.0,2.0,,False
C,MXF 10X MIC,3,7.0,10.0,2.0,,False
C,MXF 10X MIC,3,7.0,2.5,2.6020599913279625,,False
C,MXF 10X MIC,3,10.0,100.0,1.0,,False
C,MXF 10X MIC,3,10.0,10.0,2.0,,False
C,MXF 10X MIC,3,10.0,10.0,2.0,,False
C,MXF 10X MIC,3,10.0,2.5,2.6020599913279625,,False
C,MXF 10X MIC,3,14.0,100.0,1.0,,False
C,MXF 10X MIC,3,14.0,10.0,2.0,,False
C,MXF 10X MIC,3,14.0,10.0,2.0,,False
C,MXF 10X MIC,3,14.0,2.5,2.6020599913279625,,False
C,MXF 10X MIC,3,21.0,100.0,1.0,,False
C,MXF 10X MIC,3,21.0,10.0,2.0,,False
C,MXF 10X MIC,3,21.0,10.0,2.0,,False
C,MXF 10X MIC,3,21.0,2.5,2.6020599913279625,,False
C,MXF 10X MIC,3,28.0,100.0,1.0,,False
C,MXF 10X MIC,3,28.0,10.0,2.0,,False
C,MXF 10X MIC,3,28.0,10.0,2.0,,False
C,MXF 10X MIC,3,28.0,2.5,2.6020599913279625,,False
C,MXF 1X MIC,1,7.0,10.0,2.0,3.25527250510331,True
C,MXF 1X MIC,2,7.0,10.0,2.0,2.0,False
C,MXF 1X MIC,2,7.0,10.0,2.0,2.0,False
C,MXF 1X MIC,3,7.0,100.0,1.0,,False
C,MXF 1X MIC,3,7.0,10.0,2.0,,False
C,MXF 1X MIC,3,7.0,10.0,2.0,,False
C,MXF 1X MIC,3,10.0,2.5,2.6020599913279625,4.0,True
C,untreated,3,1.0,100.0,1.0,,False
D,INH 1X MIC,1,1.0,2.5,2.6020599913279625,4.34242268082221,True
D,INH 1X MIC,1,10.0,10.0,2.0,3.11394335230684,True
D,INH 1X MIC,2,10.0,10.0,2.0,3.11394335230684,True
D,MXF 10X MIC,2,14.0,2.5,2.6020599913279625,2.95424250943932,True
D,MXF 10X MIC,2,21.0,2.5,2.6020599913279625,4.0,True
D,MXF 10X MIC,3,0.0,2.5,2.6020599913279625,4.73239375982297,True
D,MXF 1X MIC,1,14.0,2.5,2.6020599913279625,5.90308998699194,True
D,MXF 1X MIC,2,14.0,2.5,2.6020599913279625,5.91381385238372,True
D,MXF 1X MIC,2,21.0,2.5,2.6020599913279625,7.04921802267018,True
D,untreated,1,2.0,2.5,2.6020599913279625,5.44715803134222,True
D,untreated,3,14.0,2.5,2.6020599913279625,6.04139268515823,True
E,MXF 10X MIC,3,3.0,2.5,2.6020599913279625,4.64345267648619,True
F,INH 10X MIC,2,7.0,10.0,2.0,3.11394335230684,True
F,INH 10X MIC,3,7.0,10.0,2.0,3.14612803567824,True
F,INH 1X MIC,1,10.0,10.0,2.0,3.95424250943932,True
F,INH 1X MIC,2,10.0,10.0,2.0,3.90308998699194,True
F,INH 1X MIC,3,10.0,10.0,2.0,3.84509804001426,True
F,MXF 10X MIC,1,21.0,10.0,2.0,2.41497334797082,True
F,MXF 10X MIC,1,21.0,2.5,2.6020599913279625,2.41497334797082,False
F,MXF 10X MIC,3,21.0,10.0,2.0,2.30102999566398,True
F,MXF 1X MIC,1,1.0,2.5,2.6020599913279625,6.88081359228079,True
F,MXF 1X MIC,2,1.0,2.5,2.6020599913279625,6.70757017609794,True
F,MXF 1X MIC,3,1.0,2.5,2.6020599913279625,6.50514997831991,True
