scenario,arm,alpha,min_value,replicate,simulation_id,final_mic,extinct
published,low,5e-05,-0.5,0,1,19.34121582728943,False
calibrated,low,5e-05,-3.5824,0,3,23.649447646359434,False
published,low,5e-05,-0.5,2,9,19.80855987502307,False
published,low,5e-05,-0.5,1,5,22.43403408972729,False
calibrated,low,5e-05,-3.5824,1,7,21.860572214173533,False
calibrated,high,0.8,-3.5824,1,6,13.504091782769283,False
calibrated,high,0.8,-3.5824,0,2,8.149685506950085,False
published,low,5e-05,-0.5,3,13,28.828985180274287,False
calibrated,low,5e-05,-3.5824,4,19,2.0,True
calibrated,high,0.8,-3.5824,2,10,8.360060958170134,False
calibrated,low,5e-05,-3.5824,2,11,26.423703991643144,False
published,high,0.8,-0.5,3,12,8.757758654565377,False
published,high,0.8,-0.5,1,4,7.477652803792005,False
published,high,0.8,-0.5,0,0,7.760649747998523,False
published,high,0.8,-0.5,2,8,12.359775815015123,False
published,low,5e-05,-0.5,6,25,2.0,False
calibrated,low,5e-05,-3.5824,3,15,16.868392485152693,False
published,low,5e-05,-0.5,7,29,2.0,False
calibrated,low,5e-05,-3.5824,7,31,2.0,True
calibrated,high,0.8,-3.5824,3,14,11.767566089390565,False
calibrated,low,5e-05,-3.5824,5,23,21.869204366499385,False
published,high,0.8,-0.5,4,16,13.729437678071843,False
calibrated,low,5e-05,-3.5824,8,35,2.0,True
published,low,5e-05,-0.5,4,17,17.95102411563476,False
published,low,5e-05,-0.5,5,21,15.835354071391727,False
calibrated,low,5e-05,-3.5824,6,27,18.32755484509753,False
calibrated,low,5e-05,-3.5824,9,39,2.0,True
calibrated,high,0.8,-3.5824,4,18,24.72092838442542,False
calibrated,high,0.8,-3.5824,5,22,10.939017310327324,False
published,high,0.8,-0.5,5,20,8.350161109506843,False
calibrated,low,5e-05,-3.5824,10,43,2.0,True
calibrated,high,0.8,-3.5824,6,26,15.863670628199717,False
published,high,0.8,-0.5,6,24,7.421691288961869,False
published,high,0.8,-0.5,7,28,7.067702270102997,False
calibrated,low,5e-05,-3.5824,11,47,2.0,True
calibrated,high,0.8,-3.5824,7,30,11.580859842794686,False
published,low,5e-05,-0.5,8,33,27.350849709264764,False
calibrated,high,0.8,-3.5824,8,34,6.9106984349062035,False
published,high,0.8,-0.5,8,32,11.543830319687045,False
published,low,5e-05,-0.5,9,37,18.420592042293077,False
published,low,5e-05,-0.5,10,41,22.537522252239,False
calibrated,high,0.8,-3.5824,9,38,9.46114355695265,False
published,high,0.8,-0.5,9,36,14.281400077044092,False
published,low,5e-05,-0.5,12,49,16.70368074838472,False
calibrated,low,5e-05,-3.5824,12,51,17.208016334520455,False
published,high,0.8,-0.5,10,40,7.913904777777886,False
calibrated,low,5e-05,-3.5824,14,59,2.0,True
calibrated,high,0.8,-3.5824,10,42,9.49624526788103,False
published,low,5e-05,-0.5,11,45,24.22987451521857,False
calibrated,high,0.8,-3.5824,11,46,5.9346083035112756,False
calibrated,low,5e-05,-3.5824,15,63,3.304332137490446,False
published,high,0.8,-0.5,11,44,9.319104728551885,False
calibrated,high,0.8,-3.5824,12,50,9.169749099484878,False
published,high,0.8,-0.5,12,48,6.64905789314467,False
published,low,5e-05,-0.5,13,53,23.205266736414046,False
calibrated,low,5e-05,-3.5824,13,55,17.336534847893713,False
published,low,5e-05,-0.5,15,61,17.237728234276446,False
calibrated,high,0.8,-3.5824,13,54,8.530512976399748,False
published,high,0.8,-0.5,13,52,11.119758259104511,False
calibrated,low,5e-05,-3.5824,17,71,2.0,True
published,low,5e-05,-0.5,14,57,17.176752445657584,False
published,low,5e-05,-0.5,18,73,2.0,False
calibrated,high,0.8,-3.5824,14,58,8.183443537021834,False
published,high,0.8,-0.5,14,56,8.848526605746688,False
published,low,5e-05,-0.5,16,65,20.77258408148058,False
calibrated,high,0.8,-3.5824,15,62,8.347499625604765,False
calibrated,low,5e-05,-3.5824,19,79,2.0,True
published,high,0.8,-0.5,15,60,6.809154085260329,False
calibrated,low,5e-05,-3.5824,18,75,18.507133809815272,False
calibrated,low,5e-05,-3.5824,16,67,18.428753877370767,False
calibrated,low,5e-05,-3.5824,20,83,2.0,True
published,low,5e-05,-0.5,17,69,16.281837320522797,False
published,high,0.8,-0.5,16,64,8.317306499422749,False
published,low,5e-05,-0.5,21,85,12.580907385077875,False
calibrated,high,0.8,-3.5824,16,66,11.530217101369058,False
calibrated,high,0.8,-3.5824,17,70,6.946418066410924,False
published,high,0.8,-0.5,17,68,8.676209452831252,False
calibrated,high,0.8,-3.5824,18,74,9.6472115425926,False
published,low,5e-05,-0.5,19,77,15.150027636683024,False
published,high,0.8,-0.5,18,72,15.396758773898828,False
published,low,5e-05,-0.5,23,93,2.0,False
published,low,5e-05,-0.5,20,81,15.186914895767373,False
calibrated,low,5e-05,-3.5824,23,95,2.0,True
published,high,0.8,-0.5,19,76,8.830893800419522,False
calibrated,high,0.8,-3.5824,19,78,12.8792987482332,False
published,low,5e-05,-0.5,22,89,17.75871849578079,False
calibrated,high,0.8,-3.5824,20,82,10.23230725213553,False
published,high,0.8,-0.5,20,80,7.558039953392377,False
published,high,0.8,-0.5,21,84,8.622022901954349,False
calibrated,low,5e-05,-3.5824,22,91,16.347031353997284,False
calibrated,low,5e-05,-3.5824,25,103,2.0,True
calibrated,high,0.8,-3.5824,21,86,6.6845220667392535,False
calibrated,low,5e-05,-3.5824,21,87,15.727019998069167,False
published,high,0.8,-0.5,22,88,7.891500713852344,False
calibrated,low,5e-05,-3.5824,26,107,2.0,False
calibrated,high,0.8,-3.5824,22,90,17.99756496623186,False
calibrated,low,5e-05,-3.5824,24,99,19.428917158650535,False
published,low,5e-05,-0.5,25,101,23.163255627713525,False
published,high,0.8,-0.5,23,92,9.53717913292365,False
calibrated,high,0.8,-3.5824,23,94,8.401618084694018,False
calibrated,high,0.8,-3.5824,24,98,6.77992303614247,False
published,low,5e-05,-0.5,24,97,17.17205712792483,False
calibrated,low,5e-05,-3.5824,28,115,2.0,True
published,low,5e-05,-0.5,26,105,20.395785837774245,False
published,low,5e-05,-0.5,27,109,12.253102726670269,False
published,high,0.8,-0.5,24,96,18.23911062608215,False
published,high,0.8,-0.5,25,100,8.769979101206676,False
calibrated,high,0.8,-3.5824,25,102,8.775070121791071,False
calibrated,high,0.8,-3.5824,26,106,9.004265458343141,False
published,high,0.8,-0.5,26,104,8.356541197948248,False
published,low,5e-05,-0.5,28,113,16.969876687103266,False
published,high,0.8,-0.5,27,108,11.862733076661193,False
published,low,5e-05,-0.5,29,117,15.575057902495498,False
published,low,5e-05,-0.5,30,121,12.298704217637258,False
calibrated,low,5e-05,-3.5824,31,127,2.0,True
calibrated,high,0.8,-3.5824,27,110,8.591426367016357,False
calibrated,low,5e-05,-3.5824,27,111,18.90311163731838,False
calibrated,low,5e-05,-3.5824,29,119,19.41060056796733,False
calibrated,low,5e-05,-3.5824,32,131,2.0,True
calibrated,high,0.8,-3.5824,28,114,8.5682973978166,False
published,high,0.8,-0.5,28,112,11.12677656337276,False
published,high,0.8,-0.5,29,116,11.316125327783535,False
calibrated,high,0.8,-3.5824,29,118,8.416535871991522,False
published,low,5e-05,-0.5,32,129,11.96352512193056,False
calibrated,high,0.8,-3.5824,30,122,7.586310939388778,False
published,high,0.8,-0.5,30,120,12.629776931072925,False
published,low,5e-05,-0.5,31,125,23.545580273933425,False
calibrated,low,5e-05,-3.5824,34,139,2.0,True
calibrated,low,5e-05,-3.5824,30,123,19.85780260728164,False
published,low,5e-05,-0.5,33,133,19.588605448095137,False
calibrated,low,5e-05,-3.5824,35,143,2.0,True
calibrated,high,0.8,-3.5824,31,126,7.111660316568028,False
calibrated,high,0.8,-3.5824,32,130,11.418630648181125,False
published,high,0.8,-0.5,31,124,15.435318555526763,False
calibrated,low,5e-05,-3.5824,36,147,2.0,True
published,high,0.8,-0.5,32,128,8.824001078483914,False
calibrated,low,5e-05,-3.5824,33,135,32.449078761435835,False
calibrated,high,0.8,-3.5824,33,134,12.711808479270157,False
calibrated,low,5e-05,-3.5824,37,151,2.0,True
published,low,5e-05,-0.5,34,137,26.751635551049212,False
published,high,0.8,-0.5,33,132,10.642664332410128,False
published,low,5e-05,-0.5,35,141,22.559161847381446,False
published,high,0.8,-0.5,34,136,12.000253700822682,False
calibrated,high,0.8,-3.5824,34,138,7.108729290397675,False
calibrated,low,5e-05,-3.5824,38,155,14.2245686361108,False
calibrated,high,0.8,-3.5824,35,142,8.221601139197636,False
published,low,5e-05,-0.5,36,145,23.427560387746524,False
published,high,0.8,-0.5,35,140,8.557257717337997,False
published,high,0.8,-0.5,36,144,9.628317280571899,False
calibrated,high,0.8,-3.5824,36,146,14.379584072185814,False
published,low,5e-05,-0.5,38,153,17.762449921130603,False
published,low,5e-05,-0.5,37,149,14.05003511402294,False
calibrated,high,0.8,-3.5824,37,150,9.812909573981074,False
published,high,0.8,-0.5,37,148,8.444242206795884,False
published,low,5e-05,-0.5,39,157,30.60923744795138,False
calibrated,high,0.8,-3.5824,38,154,8.985026153091567,False
published,high,0.8,-0.5,38,152,13.142545902287686,False
published,high,0.8,-0.5,39,156,11.148324877944267,False
calibrated,high,0.8,-3.5824,39,158,11.656858920840909,False
calibrated,low,5e-05,-3.5824,39,159,16.553944762009127,False
