exposure_mode,species,model,parameter,perturbation,endpoint,baseline,perturbed,abs_change,pct_change,elasticity,censored
per_mic,Mtb,two-compartment mechanistic,r,+10%,log10_drop_240h,3.5056378092199543,3.541221144638057,0.035583335418102546,1.0150317104783924,0.10150317104783917,False
per_mic,Mtb,two-compartment mechanistic,r,+10%,time_to_LOD_h,346.56187531073283,338.29196939390715,-8.269905916825678,-2.3862711123116904,-0.23862711123116884,False
per_mic,Mtb,two-compartment mechanistic,r,+10%,MDK99_h,48.54654805819832,46.64555607530682,-1.9009919828914974,-3.9158128825401968,-0.3915812882540193,False
per_mic,Mtb,two-compartment mechanistic,r,-10%,log10_drop_240h,3.5056378092199543,3.4664698652383814,-0.03916794398157286,-1.1172843891219952,0.11172843891219955,False
per_mic,Mtb,two-compartment mechanistic,r,-10%,time_to_LOD_h,346.56187531073283,355.720752154783,9.158876844050155,2.6427825726179957,-0.2642782572617996,False
per_mic,Mtb,two-compartment mechanistic,r,-10%,MDK99_h,48.54654805819832,50.960230396537405,2.413682338339086,4.971892822215759,-0.49718928222157605,False
per_mic,Mtb,two-compartment mechanistic,Emax_S,+10%,log10_drop_240h,3.5056378092199543,3.5101508692877164,0.004513060067762087,0.12873720313868636,0.012873720313868624,False
per_mic,Mtb,two-compartment mechanistic,Emax_S,+10%,time_to_LOD_h,346.56187531073283,346.17414486770923,-0.3877304430235995,-0.11187913923767705,-0.011187913923767695,False
per_mic,Mtb,two-compartment mechanistic,Emax_S,+10%,MDK99_h,48.54654805819832,45.97708819916348,-2.5694598590348363,-5.292775618061515,-0.529277561806151,False
per_mic,Mtb,two-compartment mechanistic,Emax_S,-10%,log10_drop_240h,3.5056378092199543,3.499674598496185,-0.005963210723769485,-0.17010344617136502,0.017010344617136505,False
per_mic,Mtb,two-compartment mechanistic,Emax_S,-10%,time_to_LOD_h,346.56187531073283,347.1349476811611,0.5730723704282923,0.16535932289564934,-0.016535932289564934,False
per_mic,Mtb,two-compartment mechanistic,Emax_S,-10%,MDK99_h,48.54654805819832,51.75785332235435,3.2113052641560316,6.614899292749449,-0.661489929274945,False
per_mic,Mtb,two-compartment mechanistic,Emax_P,+10%,log10_drop_240h,3.5056378092199543,3.5127273862618327,0.007089577041878403,0.2022335856611473,0.02022335856611471,False
per_mic,Mtb,two-compartment mechanistic,Emax_P,+10%,time_to_LOD_h,346.56187531073283,344.35637116954393,-2.2055041411888965,-0.6363954890339298,-0.06363954890339293,False
per_mic,Mtb,two-compartment mechanistic,Emax_P,+10%,MDK99_h,48.54654805819832,48.537126257050026,-0.009421801148292275,-0.019407767442079053,-0.0019407767442079038,False
per_mic,Mtb,two-compartment mechanistic,Emax_P,-10%,log10_drop_240h,3.5056378092199543,3.498548035047932,-0.007089774172022167,-0.20223920889305236,0.02022392088930524,False
per_mic,Mtb,two-compartment mechanistic,Emax_P,-10%,time_to_LOD_h,346.56187531073283,348.796239559119,2.234364248386157,0.6447230372304487,-0.06447230372304488,False
per_mic,Mtb,two-compartment mechanistic,Emax_P,-10%,MDK99_h,48.54654805819832,48.55600972699909,0.009461668800774703,0.01948988996999728,-0.0019489889969997285,False
per_mic,Mtb,two-compartment mechanistic,EC50,+10%,log10_drop_240h,3.5056378092199543,3.5056378092199494,-4.884981308350689e-15,-1.3934643491985999e-13,-1.3934643491985985e-14,False
per_mic,Mtb,two-compartment mechanistic,EC50,+10%,time_to_LOD_h,346.56187531073283,346.5618753104412,-2.916067387559451e-10,-8.414276339383434e-11,-8.414276339383426e-12,False
per_mic,Mtb,two-compartment mechanistic,EC50,+10%,MDK99_h,48.54654805819832,48.546548058198574,2.5579538487363607e-13,5.269074632597663e-13,5.269074632597658e-14,False
per_mic,Mtb,two-compartment mechanistic,EC50,-10%,log10_drop_240h,3.5056378092199543,3.505637809219979,2.4868995751603507e-14,7.094000323192872e-13,-7.094000323192873e-14,False
per_mic,Mtb,two-compartment mechanistic,EC50,-10%,time_to_LOD_h,346.56187531073283,346.56187530957123,-1.1615952644206118e-09,-3.3517687523450385e-10,3.351768752345039e-11,False
per_mic,Mtb,two-compartment mechanistic,EC50,-10%,MDK99_h,48.54654805819832,48.546548058191334,-6.984635092521785e-12,-1.4387501010676394e-11,1.4387501010676397e-12,False
per_mic,Mtb,two-compartment mechanistic,H,+10%,log10_drop_240h,3.5056378092199543,3.530913517419207,0.025275708199252733,0.7210016999695948,0.07210016999695942,False
per_mic,Mtb,two-compartment mechanistic,H,+10%,time_to_LOD_h,346.56187531073283,340.8634407309756,-5.698434579757247,-1.6442762420557486,-0.16442762420557472,False
per_mic,Mtb,two-compartment mechanistic,H,+10%,MDK99_h,48.54654805819832,43.05753761959815,-5.489010438600168,-11.30669565222199,-1.130669565222198,False
per_mic,Mtb,two-compartment mechanistic,H,-10%,log10_drop_240h,3.5056378092199543,3.473673551570961,-0.03196425764899313,-0.9117957812106539,0.09117957812106539,False
per_mic,Mtb,two-compartment mechanistic,H,-10%,time_to_LOD_h,346.56187531073283,353.73157045350104,7.169695142768205,2.068806655763778,-0.20688066557637783,False
per_mic,Mtb,two-compartment mechanistic,H,-10%,MDK99_h,48.54654805819832,55.71269981953736,7.166151761339044,14.761403329332822,-1.4761403329332823,False
per_mic,Mtb,two-compartment mechanistic,k_SP,+10%,log10_drop_240h,3.5056378092199543,3.464208299407228,-0.041429509812726195,-1.181796639223969,-0.11817966392239679,False
per_mic,Mtb,two-compartment mechanistic,k_SP,+10%,time_to_LOD_h,346.56187531073283,355.5043380851471,8.942462774414253,2.580336560793451,0.2580336560793449,False
per_mic,Mtb,two-compartment mechanistic,k_SP,+10%,MDK99_h,48.54654805819832,48.849304660391965,0.30275660219364653,0.6236418742496325,0.06236418742496319,False
per_mic,Mtb,two-compartment mechanistic,k_SP,-10%,log10_drop_240h,3.5056378092199543,3.551432147009717,0.04579433778976272,1.3063054508746441,-0.13063054508746444,False
per_mic,Mtb,two-compartment mechanistic,k_SP,-10%,time_to_LOD_h,346.56187531073283,336.6805332054057,-9.881342105327121,-2.8512490291863046,0.2851249029186305,False
per_mic,Mtb,two-compartment mechanistic,k_SP,-10%,MDK99_h,48.54654805819832,48.24960194507124,-0.29694611312707764,-0.611672971621163,0.06116729716211631,False
per_mic,Mtb,two-compartment mechanistic,k_PS,+10%,log10_drop_240h,3.5056378092199543,3.6107566361191914,0.10511882689923713,2.9985649579306455,0.2998564957930643,False
per_mic,Mtb,two-compartment mechanistic,k_PS,+10%,time_to_LOD_h,346.56187531073283,316.7292086923433,-29.83266661838951,-8.60817901324001,-0.860817901324,False
per_mic,Mtb,two-compartment mechanistic,k_PS,+10%,MDK99_h,48.54654805819832,48.3936726833336,-0.15287537486472047,-0.3149047274822737,-0.03149047274822735,False
per_mic,Mtb,two-compartment mechanistic,k_PS,-10%,log10_drop_240h,3.5056378092199543,3.4001356043109032,-0.10550220490905104,-3.0095009995492528,0.30095009995492533,False
per_mic,Mtb,two-compartment mechanistic,k_PS,-10%,time_to_LOD_h,346.56187531073283,382.63992118811893,36.0780458773861,10.410275465250747,-1.041027546525075,False
per_mic,Mtb,two-compartment mechanistic,k_PS,-10%,MDK99_h,48.54654805819832,48.71282593542554,0.16627787722722331,0.34251225654167405,-0.03425122565416742,False
per_mic,S. aureus,two-compartment mechanistic,r,+10%,log10_drop_240h,306.0,306.0,0.0,0.0,0.0,False
per_mic,S. aureus,two-compartment mechanistic,r,+10%,time_to_LOD_h,18.994289893679966,19.749577524204582,0.7552876305246166,3.976393088408775,0.39763930884087717,False
per_mic,S. aureus,two-compartment mechanistic,r,+10%,MDK99_h,8.869793023801135,9.327350566661643,0.4575575428605081,5.158604508951919,0.5158604508951914,False
per_mic,S. aureus,two-compartment mechanistic,r,-10%,log10_drop_240h,306.0,306.0,0.0,0.0,-0.0,False
per_mic,S. aureus,two-compartment mechanistic,r,-10%,time_to_LOD_h,18.994289893679966,18.412122604785775,-0.5821672888941904,-3.0649594807326643,0.3064959480732665,False
per_mic,S. aureus,two-compartment mechanistic,r,-10%,MDK99_h,8.869793023801135,8.515524838347327,-0.3542681854538081,-3.994097545491395,0.3994097545491396,False
per_mic,S. aureus,two-compartment mechanistic,Emax_S,+10%,log10_drop_240h,306.0,306.0,0.0,0.0,0.0,False
per_mic,S. aureus,two-compartment mechanistic,Emax_S,+10%,time_to_LOD_h,18.994289893679966,16.952788507603746,-2.04150138607622,-10.747974246489182,-1.0747974246489174,False
per_mic,S. aureus,two-compartment mechanistic,Emax_S,+10%,MDK99_h,8.869793023801135,7.765063068088519,-1.1047299557126156,-12.454968822250887,-1.2454968822250876,False
per_mic,S. aureus,two-compartment mechanistic,Emax_S,-10%,log10_drop_240h,306.0,14.397693666817654,-291.60230633318236,-95.29487135071318,9.52948713507132,False
per_mic,S. aureus,two-compartment mechanistic,Emax_S,-10%,time_to_LOD_h,18.994289893679966,21.882144177779995,2.8878542841000296,15.203802301979792,-1.5203802301979794,False
per_mic,S. aureus,two-compartment mechanistic,Emax_S,-10%,MDK99_h,8.869793023801135,10.42763960294217,1.5578465791410352,17.563505427474144,-1.7563505427474149,False
per_mic,S. aureus,two-compartment mechanistic,Emax_P,+10%,log10_drop_240h,306.0,306.0,0.0,0.0,0.0,False
per_mic,S. aureus,two-compartment mechanistic,Emax_P,+10%,time_to_LOD_h,18.994289893679966,18.92921229723611,-0.06507759644385658,-0.34261663272555437,-0.03426166327255541,False
per_mic,S. aureus,two-compartment mechanistic,Emax_P,+10%,MDK99_h,8.869793023801135,8.869113056831786,-0.0006799669693489108,-0.007666097365793008,-0.0007666097365793001,False
per_mic,S. aureus,two-compartment mechanistic,Emax_P,-10%,log10_drop_240h,306.0,306.0,0.0,0.0,-0.0,False
per_mic,S. aureus,two-compartment mechanistic,Emax_P,-10%,time_to_LOD_h,18.994289893679966,19.063185730506863,0.06889583682689704,0.36271867604706287,-0.0362718676047063,False
per_mic,S. aureus,two-compartment mechanistic,Emax_P,-10%,MDK99_h,8.869793023801135,8.870488027487756,0.0006950036866211207,0.007835624627949638,-0.000783562462794964,False
per_mic,S. aureus,two-compartment mechanistic,EC50,+10%,log10_drop_240h,306.0,306.0,0.0,0.0,0.0,False
per_mic,S. aureus,two-compartment mechanistic,EC50,+10%,time_to_LOD_h,18.994289893679966,18.994289893680502,5.364597654988756e-13,2.8243212486578596e-12,2.824321248657857e-13,False
per_mic,S. aureus,two-compartment mechanistic,EC50,+10%,MDK99_h,8.869793023801135,8.869793023801016,-1.1901590823981678e-13,-1.3418115611091534e-12,-1.3418115611091522e-13,False
per_mic,S. aureus,two-compartment mechanistic,EC50,-10%,log10_drop_240h,306.0,306.0,0.0,0.0,-0.0,False
per_mic,S. aureus,two-compartment mechanistic,EC50,-10%,time_to_LOD_h,18.994289893679966,18.99428989368017,2.0250467969162855e-13,1.0661345110827682e-12,-1.0661345110827684e-13,False
per_mic,S. aureus,two-compartment mechanistic,EC50,-10%,MDK99_h,8.869793023801135,8.869793023801385,2.504663143554353e-13,2.823812389796875e-12,-2.8238123897968754e-13,False
per_mic,S. aureus,two-compartment mechanistic,H,+10%,log10_drop_240h,306.0,306.0,0.0,0.0,0.0,False
per_mic,S. aureus,two-compartment mechanistic,H,+10%,time_to_LOD_h,18.994289893679966,18.016494084556502,-0.9777958091234638,-5.147840822671707,-0.5147840822671703,False
per_mic,S. aureus,two-compartment mechanistic,H,+10%,MDK99_h,8.869793023801135,8.39566841325706,-0.4741246105440755,-5.34538527868478,-0.5345385278684776,False
per_mic,S. aureus,two-compartment mechanistic,H,-10%,log10_drop_240h,306.0,306.0,0.0,0.0,-0.0,False
per_mic,S. aureus,two-compartment mechanistic,H,-10%,time_to_LOD_h,18.994289893679966,20.150046831435372,1.155756937755406,6.08475991587327,-0.6084759915873271,False
per_mic,S. aureus,two-compartment mechanistic,H,-10%,MDK99_h,8.869793023801135,9.487886437959697,0.6180934141585617,6.96852127777925,-0.6968521277779253,False
per_mic,S. aureus,two-compartment mechanistic,k_SP,+10%,log10_drop_240h,306.0,13.62005591536926,-292.3799440846307,-95.54900133484665,-9.554900133484656,False
per_mic,S. aureus,two-compartment mechanistic,k_SP,+10%,time_to_LOD_h,18.994289893679966,19.143568956817308,0.1492790631373424,0.7859154723494692,0.07859154723494687,False
per_mic,S. aureus,two-compartment mechanistic,k_SP,+10%,MDK99_h,8.869793023801135,8.873084729796293,0.0032917059951582672,0.03711141834229196,0.003711141834229193,False
per_mic,S. aureus,two-compartment mechanistic,k_SP,-10%,log10_drop_240h,306.0,306.0,0.0,0.0,-0.0,False
per_mic,S. aureus,two-compartment mechanistic,k_SP,-10%,time_to_LOD_h,18.994289893679966,18.846336462597492,-0.14795343108247394,-0.7789363640896256,0.07789363640896257,False
per_mic,S. aureus,two-compartment mechanistic,k_SP,-10%,MDK99_h,8.869793023801135,8.866503772006965,-0.003289251794170056,-0.037083749139846925,0.0037083749139846934,False
per_mic,S. aureus,two-compartment mechanistic,k_PS,+10%,log10_drop_240h,306.0,306.0,0.0,0.0,0.0,False
per_mic,S. aureus,two-compartment mechanistic,k_PS,+10%,time_to_LOD_h,18.994289893679966,18.781394660855913,-0.21289523282405298,-1.1208380729984033,-0.11208380729984022,False
per_mic,S. aureus,two-compartment mechanistic,k_PS,+10%,MDK99_h,8.869793023801135,8.867682401964787,-0.0021106218363478035,-0.02379561541835505,-0.0023795615418355028,False
per_mic,S. aureus,two-compartment mechanistic,k_PS,-10%,log10_drop_240h,306.0,306.0,0.0,0.0,-0.0,False
per_mic,S. aureus,two-compartment mechanistic,k_PS,-10%,time_to_LOD_h,18.994289893679966,19.256535468746804,0.26224557506683865,1.3806547995989917,-0.13806547995989918,False
per_mic,S. aureus,two-compartment mechanistic,k_PS,-10%,MDK99_h,8.869793023801135,8.872083413166054,0.0022903893649193208,0.025822354126790868,-0.002582235412679087,False
absolute,Mtb,two-compartment mechanistic,r,+10%,log10_drop_240h,3.7817064867196795,3.8053808151797184,0.023674328460038918,0.6260223669704853,0.06260223669704847,False
absolute,Mtb,two-compartment mechanistic,r,+10%,time_to_LOD_h,280.4723269334657,276.0833046819952,-4.3890222514705215,-1.564868199104611,-0.15648681991046096,False
absolute,Mtb,two-compartment mechanistic,r,+10%,MDK99_h,25.354753407436114,25.657557264563643,0.3028038571275289,1.1942685943801044,0.11942685943801033,False
absolute,Mtb,two-compartment mechanistic,r,-10%,log10_drop_240h,3.7817064867196795,3.7554590533497314,-0.02624743336994806,-0.6940632082929196,0.06940632082929196,False
absolute,Mtb,two-compartment mechanistic,r,-10%,time_to_LOD_h,280.4723269334657,285.3383502515866,4.866023318120881,1.7349388338319776,-0.1734938833831978,False
absolute,Mtb,two-compartment mechanistic,r,-10%,MDK99_h,25.354753407436114,25.075534526333193,-0.2792188811029206,-1.1012486558872645,0.11012486558872647,False
absolute,Mtb,two-compartment mechanistic,Emax_S,+10%,log10_drop_240h,3.7817064867196795,3.7930421097622924,0.01133562304261293,0.299748885388661,0.02997488853886607,False
absolute,Mtb,two-compartment mechanistic,Emax_S,+10%,time_to_LOD_h,280.4723269334657,278.36875819031206,-2.1035687431536303,-0.750009373884734,-0.07500093738847334,False
absolute,Mtb,two-compartment mechanistic,Emax_S,+10%,MDK99_h,25.354753407436114,22.744939644087715,-2.6098137633483987,-10.293193238404697,-1.029319323840469,False
absolute,Mtb,two-compartment mechanistic,Emax_S,-10%,log10_drop_240h,3.7817064867196795,3.76744992949188,-0.014256557227799505,-0.37698740708367084,0.03769874070836709,False
absolute,Mtb,two-compartment mechanistic,Emax_S,-10%,time_to_LOD_h,280.4723269334657,283.1182854972368,2.645958563771103,0.9433938074036029,-0.09433938074036033,False
absolute,Mtb,two-compartment mechanistic,Emax_S,-10%,MDK99_h,25.354753407436114,28.64716596304365,3.2924125556075374,12.985385827660739,-1.2985385827660743,False
absolute,Mtb,two-compartment mechanistic,Emax_P,+10%,log10_drop_240h,3.7817064867196795,3.8068439122878264,0.02513742556814691,0.6647111735514822,0.06647111735514817,False
absolute,Mtb,two-compartment mechanistic,Emax_P,+10%,time_to_LOD_h,280.4723269334657,275.12593260208644,-5.346394331379258,-1.906210994087678,-0.19062109940876762,False
absolute,Mtb,two-compartment mechanistic,Emax_P,+10%,MDK99_h,25.354753407436114,25.34550753458671,-0.009245872849405146,-0.03646603341325927,-0.0036466033413259237,False
absolute,Mtb,two-compartment mechanistic,Emax_P,-10%,log10_drop_240h,3.7817064867196795,3.7565687246619697,-0.02513776205770979,-0.6647200713748342,0.06647200713748344,False
absolute,Mtb,two-compartment mechanistic,Emax_P,-10%,time_to_LOD_h,280.4723269334657,286.0317180842443,5.559391150778595,1.9821531812289654,-0.1982153181228966,False
absolute,Mtb,two-compartment mechanistic,Emax_P,-10%,MDK99_h,25.354753407436114,25.36407058679839,0.009317179362277273,0.03674726869772949,-0.00367472686977295,False
absolute,Mtb,two-compartment mechanistic,EC50,+10%,log10_drop_240h,3.7817064867196795,3.7652032315601907,-0.016503255159488806,-0.4363970397344091,-0.04363970397344087,False
absolute,Mtb,two-compartment mechanistic,EC50,+10%,time_to_LOD_h,280.4723269334657,284.02299595315594,3.550669019690247,1.265960552512029,0.1265960552512028,False
absolute,Mtb,two-compartment mechanistic,EC50,+10%,MDK99_h,25.354753407436114,25.847688861336792,0.49293545390067806,1.9441540052845023,0.19441540052845008,False
absolute,Mtb,two-compartment mechanistic,EC50,-10%,log10_drop_240h,3.7817064867196795,3.799109638750982,0.017403152031302493,0.46019309252099844,-0.04601930925209985,False
absolute,Mtb,two-compartment mechanistic,EC50,-10%,time_to_LOD_h,280.4723269334657,276.806458305728,-3.665868627737723,-1.3070339836440794,0.13070339836440797,False
absolute,Mtb,two-compartment mechanistic,EC50,-10%,MDK99_h,25.354753407436114,24.880029759104854,-0.4747236483312598,-1.8723260317413755,0.18723260317413762,False
absolute,Mtb,two-compartment mechanistic,H,+10%,log10_drop_240h,3.7817064867196795,3.78858550335322,0.006879016633540402,0.18190244688998553,0.018190244688998537,False
absolute,Mtb,two-compartment mechanistic,H,+10%,time_to_LOD_h,280.4723269334657,279.0674811025863,-1.404845830879367,-0.5008857188298038,-0.05008857188298033,False
absolute,Mtb,two-compartment mechanistic,H,+10%,MDK99_h,25.354753407436114,24.749490651933744,-0.6052627555023697,-2.387176659840267,-0.2387176659840265,False
absolute,Mtb,two-compartment mechanistic,H,-10%,log10_drop_240h,3.7817064867196795,3.7741623135016424,-0.00754417321803702,-0.19949124144166389,0.019949124144166393,False
absolute,Mtb,two-compartment mechanistic,H,-10%,time_to_LOD_h,280.4723269334657,282.0116457081928,1.5393187747271213,0.5488308923583332,-0.05488308923583333,False
absolute,Mtb,two-compartment mechanistic,H,-10%,MDK99_h,25.354753407436114,26.094840631109395,0.7400872236732816,2.918928895818907,-0.29189288958189075,False
absolute,Mtb,two-compartment mechanistic,k_SP,+10%,log10_drop_240h,3.7817064867196795,3.7403051949376116,-0.04140129178206786,-1.0947780301685996,-0.10947780301685986,False
absolute,Mtb,two-compartment mechanistic,k_SP,+10%,time_to_LOD_h,280.4723269334657,288.15043576087277,7.678108827407073,2.7375637772736456,0.27375637772736433,False
absolute,Mtb,two-compartment mechanistic,k_SP,+10%,MDK99_h,25.354753407436114,25.51122493762704,0.1564715301909274,0.617128976474435,0.06171289764744344,False
absolute,Mtb,two-compartment mechanistic,k_SP,-10%,log10_drop_240h,3.7817064867196795,3.8274726029349178,0.045766116215238295,1.2101974697390292,-0.12101974697390294,False
absolute,Mtb,two-compartment mechanistic,k_SP,-10%,time_to_LOD_h,280.4723269334657,271.9856940048573,-8.486632928608401,-3.0258361034747003,0.3025836103474701,False
absolute,Mtb,two-compartment mechanistic,k_SP,-10%,MDK99_h,25.354753407436114,25.201030534115,-0.15372287332111512,-0.6062881813554962,0.060628818135549635,False
absolute,Mtb,two-compartment mechanistic,k_PS,+10%,log10_drop_240h,3.7817064867196795,3.8917766099573585,0.11007012323767906,2.910594030081797,0.29105940300817945,False
absolute,Mtb,two-compartment mechanistic,k_PS,+10%,time_to_LOD_h,280.4723269334657,258.5705646155059,-21.90176231795982,-7.808885303381609,-0.7808885303381602,False
absolute,Mtb,two-compartment mechanistic,k_PS,+10%,MDK99_h,25.354753407436114,25.29458118544762,-0.06017222198849481,-0.23732126683136004,-0.023732126683135985,False
absolute,Mtb,two-compartment mechanistic,k_PS,-10%,log10_drop_240h,3.7817064867196795,3.6713354563786043,-0.1103710303410752,-2.9185509433021344,0.2918550943302135,False
absolute,Mtb,two-compartment mechanistic,k_PS,-10%,time_to_LOD_h,280.4723269334657,306.26822058270795,25.79589364924226,9.19730439408435,-0.919730439408435,False
absolute,Mtb,two-compartment mechanistic,k_PS,-10%,MDK99_h,25.354753407436114,25.419063486826555,0.06431007939044164,0.25364111556131563,-0.025364111556131566,False
absolute,S. aureus,two-compartment mechanistic,r,+10%,log10_drop_240h,306.0,306.0,0.0,0.0,0.0,False
absolute,S. aureus,two-compartment mechanistic,r,+10%,time_to_LOD_h,17.518285831773667,18.994572664686576,1.4762868329129084,8.427119223247878,0.8427119223247872,False
absolute,S. aureus,two-compartment mechanistic,r,+10%,MDK99_h,8.153557482519519,8.942010242320103,0.7884527598005846,9.670046007414005,0.9670046007413997,False
absolute,S. aureus,two-compartment mechanistic,r,-10%,log10_drop_240h,306.0,14.30045210894628,-291.6995478910537,-95.32664963759926,9.532664963759927,False
absolute,S. aureus,two-compartment mechanistic,r,-10%,time_to_LOD_h,17.518285831773667,16.3074683786359,-1.2108174531377678,-6.9117347711136,0.6911734771113601,False
absolute,S. aureus,two-compartment mechanistic,r,-10%,MDK99_h,8.153557482519519,7.495448686950743,-0.6581087955687757,-8.071431359620641,0.8071431359620642,False
absolute,S. aureus,two-compartment mechanistic,Emax_S,+10%,log10_drop_240h,306.0,13.253783444773033,-292.74621655522697,-95.6686982206624,-9.566869822066232,False
absolute,S. aureus,two-compartment mechanistic,Emax_S,+10%,time_to_LOD_h,17.518285831773667,15.093925960778641,-2.4243598709950263,-13.839024515731218,-1.3839024515731206,False
absolute,S. aureus,two-compartment mechanistic,Emax_S,+10%,MDK99_h,8.153557482519519,6.865806030851042,-1.287751451668477,-15.7937373279001,-1.5793737327900086,False
absolute,S. aureus,two-compartment mechanistic,Emax_S,-10%,log10_drop_240h,306.0,15.174670911681684,-290.8253290883183,-95.04095721840469,9.50409572184047,False
absolute,S. aureus,two-compartment mechanistic,Emax_S,-10%,time_to_LOD_h,17.518285831773667,21.13282123588133,3.614535404107663,20.63292857998598,-2.063292857998598,False
absolute,S. aureus,two-compartment mechanistic,Emax_S,-10%,MDK99_h,8.153557482519519,10.041189715811349,1.8876322332918303,23.15102625251298,-2.3151026252512983,False
absolute,S. aureus,two-compartment mechanistic,Emax_P,+10%,log10_drop_240h,306.0,14.199074479350323,-291.8009255206497,-95.35977958191167,-9.535977958191157,False
absolute,S. aureus,two-compartment mechanistic,Emax_P,+10%,time_to_LOD_h,17.518285831773667,17.45426932740807,-0.06401650436559692,-0.36542676024549975,-0.03654267602454995,False
absolute,S. aureus,two-compartment mechanistic,Emax_P,+10%,MDK99_h,8.153557482519519,8.152935217018834,-0.0006222655006844491,-0.007631828217542213,-0.0007631828217542206,False
absolute,S. aureus,two-compartment mechanistic,Emax_P,-10%,log10_drop_240h,306.0,306.0,0.0,0.0,-0.0,False
absolute,S. aureus,two-compartment mechanistic,Emax_P,-10%,time_to_LOD_h,17.518285831773667,17.586111751839,0.0678259200653315,0.3871721281217636,-0.03871721281217637,False
absolute,S. aureus,two-compartment mechanistic,Emax_P,-10%,MDK99_h,8.153557482519519,8.154194394192992,0.0006369116734727953,0.007811457450790967,-0.0007811457450790967,False
absolute,S. aureus,two-compartment mechanistic,EC50,+10%,log10_drop_240h,306.0,14.296475152063051,-291.70352484793693,-95.32794929671141,-9.532794929671132,False
absolute,S. aureus,two-compartment mechanistic,EC50,+10%,time_to_LOD_h,17.518285831773667,18.02105146996429,0.502765638190624,2.8699476822026524,0.286994768220265,False
absolute,S. aureus,two-compartment mechanistic,EC50,+10%,MDK99_h,8.153557482519519,8.420872665004422,0.2673151824849036,3.2785098168253906,0.32785098168253873,False
absolute,S. aureus,two-compartment mechanistic,EC50,-10%,log10_drop_240h,306.0,14.245364115791855,-291.75463588420814,-95.34465224974123,9.534465224974124,False
absolute,S. aureus,two-compartment mechanistic,EC50,-10%,time_to_LOD_h,17.518285831773667,17.028316729912465,-0.48996910186120246,-2.7969009443408237,0.27969009443408244,False
absolute,S. aureus,two-compartment mechanistic,EC50,-10%,MDK99_h,8.153557482519519,7.907044902057614,-0.24651258046190438,-3.0233745330232207,0.30233745330232215,False
absolute,S. aureus,two-compartment mechanistic,H,+10%,log10_drop_240h,306.0,306.0,0.0,0.0,0.0,False
absolute,S. aureus,two-compartment mechanistic,H,+10%,time_to_LOD_h,17.518285831773667,16.928580812949736,-0.5897050188239312,-3.3662255798701373,-0.3366225579870134,False
absolute,S. aureus,two-compartment mechanistic,H,+10%,MDK99_h,8.153557482519519,7.839039665957767,-0.31451781656175193,-3.8574305416506762,-0.38574305416506727,False
absolute,S. aureus,two-compartment mechanistic,H,-10%,log10_drop_240h,306.0,306.0,0.0,0.0,-0.0,False
absolute,S. aureus,two-compartment mechanistic,H,-10%,time_to_LOD_h,17.518285831773667,18.282883168810947,0.7645973370372801,4.364567083672633,-0.4364567083672634,False
absolute,S. aureus,two-compartment mechanistic,H,-10%,MDK99_h,8.153557482519519,8.557946860419824,0.40438937790030494,4.9596679580327825,-0.49596679580327835,False
absolute,S. aureus,two-compartment mechanistic,k_SP,+10%,log10_drop_240h,306.0,14.565213259552435,-291.4347867404476,-95.24012638576718,-9.52401263857671,False
absolute,S. aureus,two-compartment mechanistic,k_SP,+10%,time_to_LOD_h,17.518285831773667,17.65478263386731,0.13649680209364234,0.7791675704141796,0.0779167570414179,False
absolute,S. aureus,two-compartment mechanistic,k_SP,+10%,MDK99_h,8.153557482519519,8.156421387090036,0.0028639045705176613,0.035124601459640296,0.0035124601459640267,False
absolute,S. aureus,two-compartment mechanistic,k_SP,-10%,log10_drop_240h,306.0,306.0,0.0,0.0,-0.0,False
absolute,S. aureus,two-compartment mechanistic,k_SP,-10%,time_to_LOD_h,17.518285831773667,17.38252501640719,-0.13576081536647777,-0.7749663218774667,0.07749663218774669,False
absolute,S. aureus,two-compartment mechanistic,k_SP,-10%,MDK99_h,8.153557482519519,8.150699171058736,-0.0028583114607823035,-0.03505600428905127,0.003505600428905128,False
absolute,S. aureus,two-compartment mechanistic,k_PS,+10%,log10_drop_240h,306.0,306.0,0.0,0.0,0.0,False
absolute,S. aureus,two-compartment mechanistic,k_PS,+10%,time_to_LOD_h,17.518285831773667,17.334053811731483,-0.18423202004218453,-1.0516555204735558,-0.10516555204735548,False
absolute,S. aureus,two-compartment mechanistic,k_PS,+10%,MDK99_h,8.153557482519519,8.151866088373428,-0.0016913941460909854,-0.02074424752284116,-0.0020744247522841144,False
absolute,S. aureus,two-compartment mechanistic,k_PS,-10%,log10_drop_240h,306.0,13.779893657082292,-292.2201063429177,-95.49676677873127,9.549676677873128,False
absolute,S. aureus,two-compartment mechanistic,k_PS,-10%,time_to_LOD_h,17.518285831773667,17.739654782765864,0.221368950992197,1.2636450456282122,-0.12636450456282125,False
absolute,S. aureus,two-compartment mechanistic,k_PS,-10%,MDK99_h,8.153557482519519,8.155383568563588,0.0018260860440690863,0.022396187774281935,-0.002239618777428194,False
