AB_conc,nutrient_conc,population,time,clone,MIC,pers_frac
12.5,0.5,1,1,1,2,0.000736
12.5,0.5,1,1,2,1,0.000318
12.5,0.5,1,1,3,8,0.000376
12.5,0.5,1,3,1,2,0.203
12.5,0.5,1,3,2,1,0.000745
12.5,0.5,1,3,3,8,0.000303
12.5,0.5,1,5,1,2,0.0152
12.5,0.5,1,5,2,8,0.127
12.5,0.5,1,5,3,8,0.102
12.5,0.5,1,7,1,4,0.0585
12.5,0.5,1,7,2,4,0.186
12.5,0.5,1,7,3,8,0.506
12.5,0.5,1,9,1,4,0.379
12.5,0.5,1,9,2,4,0.232
12.5,0.5,1,9,3,4,0.131
12.5,0.5,1,11,1,4,0.244
12.5,0.5,1,11,2,NA,0.233
12.5,0.5,1,11,3,NA,0.146
12.5,0.5,2,1,1,2,0.000384767
12.5,0.5,2,1,2,2,0.000543321
12.5,0.5,2,1,3,4,0.000359727
12.5,0.5,2,3,1,2,0.000503947
12.5,0.5,2,3,2,2,0.000477171
12.5,0.5,2,3,3,4,0.000495737
12.5,0.5,2,5,1,4,0.000247619
12.5,0.5,2,5,2,4,0.0004752
12.5,0.5,2,5,3,8,0.000320213
12.5,0.5,2,7,1,4,0.6255087
12.5,0.5,2,7,2,4,0.000996633
12.5,0.5,2,7,3,8,0.000175852
12.5,0.5,2,9,1,8,0.001111333
12.5,0.5,2,9,2,4,0.003254574
12.5,0.5,2,9,3,8,0.089506173
12.5,0.5,2,11,1,8,0.001552973
12.5,0.5,2,11,2,8,0.001631579
12.5,0.5,2,11,3,4,0.002461389
12.5,0.8,1,1,1,1,0.000624242
12.5,0.8,1,1,2,2,0.000195625
12.5,0.8,1,1,3,1,0.000227996
12.5,0.8,1,3,1,1,7.00E-06
12.5,0.8,1,3,2,1,0.000266399
12.5,0.8,1,3,3,2,0.000357045
12.5,0.8,1,5,1,1,0.000235312
12.5,0.8,1,5,2,1,0.000661458
12.5,0.8,1,5,3,2,0.001546875
12.5,0.8,1,7,1,1,0.000224266
12.5,0.8,1,7,2,0.5,0.000302497
12.5,0.8,1,7,3,2,0.000330552
12.5,0.8,1,9,1,16,3.33E-05
12.5,0.8,1,9,2,0.25,7.61E-06
12.5,0.8,1,9,3,0.25,1.61E-05
12.5,0.8,1,11,1,16,0.000190018
12.5,0.8,1,11,2,8,1.27E-05
12.5,0.8,1,11,3,32,5.67E-05
12.5,0.8,2,1,1,1,0.000293057
12.5,0.8,2,1,2,2,0.000284136
12.5,0.8,2,1,3,2,0.000379578
12.5,0.8,2,3,1,1,0.000458128
12.5,0.8,2,3,2,2,0.00053099
12.5,0.8,2,3,3,16,0.000988636
12.5,0.8,2,5,1,32,4.03E-05
12.5,0.8,2,5,2,32,4.00E-05
12.5,0.8,2,5,3,32,0.000146192
12.5,0.8,2,7,1,32,0.000155652
12.5,0.8,2,7,2,32,0.000186927
12.5,0.8,2,7,3,32,8.14E-06
12.5,0.8,2,9,1,64,0.000457143
12.5,0.8,2,9,2,64,0.000459225
12.5,0.8,2,9,3,32,0.00032791
12.5,0.8,2,11,1,32,5.97E-05
12.5,0.8,2,11,2,16,7.49E-05
12.5,0.8,2,11,3,4,5.99E-05
25,0.25,1,1,1,1,0.000831227
25,0.25,1,1,2,1,0.001976064
25,0.25,1,1,3,1,0.001403045
25,0.25,1,3,1,1,0.000370022
25,0.25,1,3,2,1,0.000258746
25,0.25,1,3,3,2,0.000718777
25,0.25,1,5,1,2,0.001674286
25,0.25,1,5,2,2,0.000789702
25,0.25,1,5,3,4,0.079865122
25,0.25,1,7,1,2,0.001053719
25,0.25,1,7,2,1,0.000530008
25,0.25,1,7,3,1,0.001435556
25,0.25,1,9,1,1,0.00070495
25,0.25,1,9,2,2,0.000820513
25,0.25,1,9,3,2,0.000340103
25,0.25,1,11,1,1,0.000683726
25,0.25,1,11,2,2,0.000486468
25,0.25,1,11,3,2,0.001340393
25,0.25,1,13,1,4,0.000658758
25,0.25,1,13,2,2,0.00044437
25,0.25,1,13,3,1,0.000348293
25,0.25,1,15,1,1,0.000862069
25,0.25,1,15,2,1,7.61E-05
25,0.25,1,15,3,1,0.007814358
25,0.25,2,1,1,1,0.000624472
25,0.25,2,1,2,1,0.000494365
25,0.25,2,1,3,1,0.004098655
25,0.25,2,3,1,2,0.001144681
25,0.25,2,3,2,2,0.001236686
25,0.25,2,3,3,2,0.001672047
25,0.25,2,5,1,2,0.000589887
25,0.25,2,5,2,2,0.000852041
25,0.25,2,5,3,1,0.000631579
25,0.25,2,7,1,2,0.003557016
25,0.25,2,7,2,1,0.000385129
25,0.25,2,7,3,4,0.000610517
25,0.25,2,9,1,8,5.28E-07
25,0.25,2,9,2,2,2.18E-05
25,0.25,2,9,3,32,9.64E-05
25,0.25,2,11,1,2,0.000255319
25,0.25,2,11,2,4,0.000633156
25,0.25,2,11,3,2,0.000257281
25,0.25,2,13,1,64,4.58E-05
25,0.25,2,13,2,32,6.98E-05
25,0.25,2,13,3,64,0.001293041
25,0.25,2,15,1,8,0.002132251
25,0.25,2,15,2,16,0.060933333
25,0.25,2,15,3,8,0.000764436
25,0.5,1,1,1,0.5,0.000407
25,0.5,1,1,2,1,0.000443
25,0.5,1,1,3,1,0.000586
25,0.5,1,3,1,2,0.00772
25,0.5,1,3,2,1,0.0023
25,0.5,1,3,3,2,0.000345
25,0.5,1,4,1,1,0.0848
25,0.5,1,4,2,1,0.307
25,0.5,1,4,3,1,0.0272
25,0.5,1,5,1,2,0.372
25,0.5,1,5,2,2,0.577
25,0.5,1,5,3,2,0.064
25,0.5,1,7,1,1,0.208
25,0.5,1,7,2,1,0.136
25,0.5,1,9,1,4,0.649
25,0.5,1,9,2,2,0.679
25,0.5,1,9,3,2,0.699
25,0.5,1,15,1,1,0.000303
25,0.5,1,15,2,2,0.271
25,0.5,1,15,3,1,0.241
25,0.5,2,1,1,0.5,0.000248
25,0.5,2,1,2,1,0.000116
25,0.5,2,1,3,2,0.000146
25,0.5,2,2,1,0.5,0.000191
25,0.5,2,2,2,0.5,0.000924
25,0.5,2,2,3,1,0.000845
25,0.5,2,3,1,2,0.000149
25,0.5,2,3,2,1,0.000148
25,0.5,2,3,3,2,0.000111
25,0.5,2,5,1,0.5,0.000344
25,0.5,2,5,2,0.5,0.00217
25,0.5,2,5,3,0.5,0.000384
25,0.5,2,7,1,2,0.403
25,0.5,2,7,2,4,0.392
25,0.5,2,7,3,2,NA
25,0.5,2,8,1,2,0.074
25,0.5,2,8,2,1,0.0841
25,0.5,2,8,3,2,NA
25,0.5,2,9,1,2,0.356
25,0.5,2,9,2,2,0.461
25,0.5,2,9,3,4,0.355
25,0.5,2,11,1,2,0.000736
25,0.5,2,11,2,2,0.0657
25,0.5,2,11,3,2,0.0683
25,0.5,2,15,1,4,0.0382
25,0.5,2,15,2,4,0.0347
25,0.5,2,15,3,4,0.0453
25,0.8,1,1,1,2,0.000243
25,0.8,1,1,2,4,0.000209
25,0.8,1,1,3,4,0.000212
25,0.8,1,3,1,4,6.83E-05
25,0.8,1,3,2,2,3.16E-05
25,0.8,1,3,3,2,4.00E-05
25,0.8,1,5,1,4,6.97E-05
25,0.8,1,5,2,4,0.000192223
25,0.8,1,5,3,2,0.000102805
25,0.8,1,7,1,8,0.000454545
25,0.8,1,7,2,16,9.13E-05
25,0.8,1,7,3,8,1.73E-05
25,0.8,1,9,1,16,0.020380292
25,0.8,1,9,2,8,0.000318952
25,0.8,1,9,3,16,0.000354136
25,0.8,2,1,1,1,0.000852
25,0.8,2,1,2,1,0.00032
25,0.8,2,1,3,1,0.000424
25,0.8,2,3,1,1,0.000301
25,0.8,2,3,2,2,0.000259
25,0.8,2,3,3,1,0.000164
25,0.8,2,5,1,32,0.00108
25,0.8,2,5,2,32,0.000177
25,0.8,2,5,3,32,5.50E-05
25,0.8,2,7,1,0.5,0.00561
25,0.8,2,7,2,32,NA
25,0.8,2,7,3,32,0.000146
25,0.8,2,9,1,32,0.001453704
25,0.8,2,9,2,64,0.001525
25,0.8,2,9,3,32,4.23E-06
25,0.8,2,11,1,64,0.000190056
25,0.8,2,11,2,64,0.000584615
25,0.8,2,11,3,64,6.97E-06
25,0.8,2,13,1,32,1.82E-05
25,0.8,2,13,2,64,0.00011773
25,0.8,2,13,3,32,8.11E-06
25,0.8,2,15,1,64,1.83E-05
25,0.8,2,15,2,64,2.85E-05
25,0.8,2,15,3,64,2.11E-05
50,0.25,1,1,1,2,0.000263
50,0.25,1,1,2,2,0.000329
50,0.25,1,1,3,2,0.000195
50,0.25,1,2,1,1,0.00011
50,0.25,1,2,2,1,0.000154
50,0.25,1,2,3,1,4.29E-05
50,0.25,1,3,1,4,0.00468
50,0.25,1,3,2,4,0.0497
50,0.25,1,3,3,4,0.00367
50,0.25,1,5,1,4,0.00189
50,0.25,1,5,2,4,0.00029
50,0.25,1,5,3,4,0.00203
50,0.25,1,7,1,4,0.00175
50,0.25,1,7,2,2,0.00376
50,0.25,1,7,3,2,0.000892
50,0.25,1,8,1,2,0.000425
50,0.25,1,8,2,4,0.000391
50,0.25,1,8,3,4,0.000527
50,0.25,1,9,1,4,0.173
50,0.25,1,9,2,4,0.123
50,0.25,1,9,3,4,0.126
50,0.25,1,11,1,8,0.000727
50,0.25,1,11,2,8,0.0391
50,0.25,1,11,3,8,0.0016
50,0.25,1,15,1,8,0.0148
50,0.25,1,15,2,16,0.0274
50,0.25,1,15,3,8,0.00695
50,0.25,2,1,1,4,0.000208
50,0.25,2,1,2,2,0.000183
50,0.25,2,1,3,2,0.000122
50,0.25,2,3,1,2,0.00152
50,0.25,2,3,2,2,0.00293
50,0.25,2,3,3,2,0.00193
50,0.25,2,4,1,4,0.000243
50,0.25,2,4,2,4,0.00118
50,0.25,2,4,3,4,0.00112
50,0.25,2,5,1,1,0.00218
50,0.25,2,5,2,1,0.00395
50,0.25,2,5,3,1,0.00482
50,0.25,2,7,1,4,0.137
50,0.25,2,7,2,2,0.372
50,0.25,2,7,3,2,0.223
50,0.25,2,9,1,2,0.0607
50,0.25,2,9,2,1,0.0169
50,0.25,2,9,3,2,0.0739
50,0.25,2,15,1,2,0.0143
50,0.25,2,15,2,4,0.222
50,0.25,2,15,3,2,0.0336
50,0.5,1,1,1,2,0.000167
50,0.5,1,1,2,2,2.00E-04
50,0.5,1,1,3,2,0.000125
50,0.5,1,3,1,2,0.00483
50,0.5,1,3,2,2,0.00325
50,0.5,1,3,3,4,0.00646
50,0.5,1,5,1,4,0.00215
50,0.5,1,5,2,2,0.0112
50,0.5,1,5,3,2,0.0137
50,0.5,1,7,1,1,0.00133
50,0.5,1,7,2,1,0.00294
50,0.5,1,7,3,1,0.00525
50,0.5,1,9,1,1,0.010685447
50,0.5,1,9,2,1,0.018341674
50,0.5,1,9,3,2,0.019184028
50,0.5,1,15,1,2,0.01725
50,0.5,1,15,2,1,0.01901056
50,0.5,1,15,3,2,0.01071892
50,0.5,2,1,1,1,0.00234
50,0.5,2,1,2,1,0.0026
50,0.5,2,1,3,1,0.00129
50,0.5,2,2,1,2,0.000117
50,0.5,2,2,2,1,0.000115
50,0.5,2,2,3,2,6.15E-05
50,0.5,2,3,1,1,0.00234
50,0.5,2,3,2,2,0.00332
50,0.5,2,3,3,1,0.000938
50,0.5,2,5,1,2,0.000175
50,0.5,2,5,2,2,0.000854
50,0.5,2,5,3,2,0.00049
50,0.5,2,7,1,2,0.000651
50,0.5,2,7,2,2,0.000847
50,0.5,2,7,3,2,0.000532
50,0.5,2,8,1,1,0.000689
50,0.5,2,8,2,2,0.0293
50,0.5,2,8,3,2,0.00275
50,0.5,2,9,1,4,0.039846743
50,0.5,2,9,2,4,0.096984785
50,0.5,2,9,3,8,0.059880526
50,0.5,2,11,1,4,0.012
50,0.5,2,11,2,4,0.0196
50,0.5,2,11,3,4,0.000964
50,0.5,2,15,1,4,0.0361
50,0.5,2,15,2,4,0.0207
50,0.5,2,15,3,4,0.00878
100,0.25,1,1,1,1,0.000158
100,0.25,1,1,2,2,8.10E-05
100,0.25,1,1,3,1,0.00015
100,0.25,1,3,1,2,6.72E-05
100,0.25,1,3,2,2,0.000273
100,0.25,1,3,3,1,0.000154
100,0.25,1,5,1,4,0.0284
100,0.25,1,5,2,4,0.00286
100,0.25,1,5,3,4,0.0501
100,0.25,1,7,1,2,0.00183
100,0.25,1,7,2,2,0.00245
100,0.25,1,7,3,4,0.00145
100,0.25,1,9,1,2,0.00169
100,0.25,1,9,2,2,0.00688
100,0.25,1,9,3,1,0.00183
100,0.25,1,15,1,8,NA
100,0.25,1,15,2,8,NA
100,0.25,1,15,3,8,NA
100,0.25,2,1,1,1,0.00241
100,0.25,2,1,2,1,0.0021
100,0.25,2,1,3,1,0.00163
100,0.25,2,3,1,2,0.00153
100,0.25,2,3,2,2,0.00185
100,0.25,2,3,3,4,0.00138
100,0.25,2,5,1,2,0.0406
100,0.25,2,5,2,1,0.0509
100,0.25,2,5,3,1,0.0896
100,0.25,2,7,1,2,0.000543
100,0.25,2,7,2,1,0.00042
100,0.25,2,7,3,2,0.000415
100,0.25,2,9,1,2,0.0164
100,0.25,2,9,2,2,0.000271
100,0.25,2,9,3,2,0.031
100,0.25,2,10,1,1,0.0123
100,0.25,2,10,2,1,0.000203
100,0.25,2,10,3,1,0.0232