Time;TimeMin;Column;Conc;Replicates_Row;N_of_colonies;Dilution_factor;Vol_plated_mL;CFU_mL
0;60;1;128;1;13;1000;0,005;2,60E+06
0;60;1;128;2;3;10000;0,005;6,00E+06
0;60;1;128;3;2;10000;0,005;4,00E+06
0;60;1;128;4;6;10000;0,005;1,20E+07
0;60;1;128;5;5;10000;0,005;1,00E+07
0;60;1;128;6;4;10000;0,005;8,00E+06
0;60;1;128;7;3;10000;0,005;6,00E+06
0;60;1;128;8;4;10000;0,005;8,00E+06
0;60;2;64;1;16;1000;0,005;3,20E+06
0;60;2;64;2;13;1000;0,005;2,60E+06
0;60;2;64;3;2;10000;0,005;4,00E+06
0;60;2;64;4;9;1000;0,005;1,80E+06
0;60;2;64;5;14;1000;0,005;2,80E+06
0;60;2;64;6;8;1000;0,005;1,60E+06
0;60;2;64;7;6;1000;0,005;1,20E+06
0;60;2;64;8;10;1000;0,005;2,00E+06
0;60;3;32;1;8;1000;0,005;1,60E+06
0;60;3;32;2;11;1000;0,005;2,20E+06
0;60;3;32;3;13;1000;0,005;2,60E+06
0;60;3;32;4;14;1000;0,005;2,80E+06
0;60;3;32;5;13;1000;0,005;2,60E+06
0;60;3;32;6;8;1000;0,005;1,60E+06
0;60;3;32;7;11;1000;0,005;2,20E+06
0;60;3;32;8;4;10000;0,005;8,00E+06
0;60;4;16;1;12;1000;0,005;2,40E+06
0;60;4;16;2;11;1000;0,005;2,20E+06
0;60;4;16;3;10;1000;0,005;2,00E+06
0;60;4;16;4;12;1000;0,005;2,40E+06
0;60;4;16;5;16;1000;0,005;3,20E+06
0;60;4;16;6;13;1000;0,005;2,60E+06
0;60;4;16;7;3;10000;0,005;6,00E+06
0;60;4;16;8;10;1000;0,005;2,00E+06
0;60;5;8;1;4;10000;0,005;8,00E+06
0;60;5;8;2;2;10000;0,005;4,00E+06
0;60;5;8;3;23;1000;0,005;4,60E+06
0;60;5;8;4;22;1000;0,005;4,40E+06
0;60;5;8;5;19;1000;0,005;3,80E+06
0;60;5;8;6;3;10000;0,005;6,00E+06
0;60;5;8;7;5;10000;0,005;1,00E+07
0;60;5;8;8;16;1000;0,005;3,20E+06
0;60;6;4;1;3;10000;0,005;6,00E+06
0;60;6;4;2;3;10000;0,005;6,00E+06
0;60;6;4;3;1;10000;0,005;2,00E+06
0;60;6;4;4;14;1000;0,005;2,80E+06
0;60;6;4;5;17;1000;0,005;3,40E+06
0;60;6;4;6;12;1000;0,005;2,40E+06
0;60;6;4;7;2;10000;0,005;4,00E+06
0;60;6;4;8;4;10000;0,005;8,00E+06
0;60;7;2;1;11;1000;0,005;2,20E+06
0;60;7;2;2;15;1000;0,005;3,00E+06
0;60;7;2;3;1;10000;0,005;2,00E+06
0;60;7;2;4;2;10000;0,005;4,00E+06
0;60;7;2;5;1;10000;0,005;2,00E+06
0;60;7;2;6;1;100000;0,005;2,00E+07
0;60;7;2;7;;;0,005;0,00E+00
0;60;7;2;8;12;1000;0,005;2,40E+06
0;60;8;0;1;15;1000;0,005;3,00E+06
0;60;8;0;2;16;1000;0,005;3,20E+06
0;60;8;0;3;1;10000;0,005;2,00E+06
0;60;8;0;4;1;10000;0,005;2,00E+06
0;60;8;0;5;3;10000;0,005;6,00E+06
0;60;8;0;6;2;10000;0,005;4,00E+06
0;60;8;0;7;22;1000;0,005;4,40E+06
0;60;8;0;8;1;10000;0,005;2,00E+06
1;150;1;128;1;3;10;0,005;6,00E+03
1;150;1;128;2;11;1;0,005;2,20E+03
1;150;1;128;3;2;10;0,005;4,00E+03
1;150;1;128;4;10;1;0,005;2,00E+03
1;150;1;128;5;6;1;0,005;1,20E+03
1;150;1;128;6;3;10;0,005;6,00E+03
1;150;1;128;7;4;10;0,005;8,00E+03
1;150;1;128;8;2;10;0,005;4,00E+03
1;150;2;64;1;2;100;0,005;4,00E+04
1;150;2;64;2;5;100;0,005;1,00E+05
1;150;2;64;3;4;100;0,005;8,00E+04
1;150;2;64;4;5;100;0,005;1,00E+05
1;150;2;64;5;5;100;0,005;1,00E+05
1;150;2;64;6;2;100;0,005;4,00E+04
1;150;2;64;7;1;100;0,005;2,00E+04
1;150;2;64;8;2;100;0,005;4,00E+04
1;150;3;32;1;1;1000;0,005;2,00E+05
1;150;3;32;2;3;1000;0,005;6,00E+05
1;150;3;32;3;2;1000;0,005;4,00E+05
1;150;3;32;4;17;100;0,005;3,40E+05
1;150;3;32;5;13;100;0,005;2,60E+05
1;150;3;32;6;2;1000;0,005;4,00E+05
1;150;3;32;7;1;1000;0,005;2,00E+05
1;150;3;32;8;1;1000;0,005;2,00E+05
1;150;4;16;1;4;1000;0,005;8,00E+05
1;150;4;16;2;9;1000;0,005;1,80E+06
1;150;4;16;3;6;1000;0,005;1,20E+06
1;150;4;16;4;2;1000;0,005;4,00E+05
1;150;4;16;5;10;100;0,005;2,00E+05
1;150;4;16;6;6;1000;0,005;1,20E+06
1;150;4;16;7;4;1000;0,005;8,00E+05
1;150;4;16;8;1;1000;0,005;2,00E+05
1;150;5;8;1;5;1000;0,005;1,00E+06
1;150;5;8;2;7;1000;0,005;1,40E+06
1;150;5;8;3;4;1000;0,005;8,00E+05
1;150;5;8;4;8;1000;0,005;1,60E+06
1;150;5;8;5;5;1000;0,005;1,00E+06
1;150;5;8;6;7;1000;0,005;1,40E+06
1;150;5;8;7;6;1000;0,005;1,20E+06
1;150;5;8;8;6;1000;0,005;1,20E+06
1;150;6;4;1;35;100;0,005;7,00E+05
1;150;6;4;2;14;1000;0,005;2,80E+06
1;150;6;4;3;6;1000;0,005;1,20E+06
1;150;6;4;4;4;1000;0,005;8,00E+05
1;150;6;4;5;3;10000;0,005;6,00E+06
1;150;6;4;6;4;10000;0,005;8,00E+06
1;150;6;4;7;13;10000;0,005;2,60E+07
1;150;6;4;8;9;10000;0,005;1,80E+07
1;150;7;2;1;14;1000;0,005;2,80E+06
1;150;7;2;2;13;1000;0,005;2,60E+06
1;150;7;2;3;3;10000;0,005;6,00E+06
1;150;7;2;4;2;10000;0,005;4,00E+06
1;150;7;2;5;1;10000;0,005;2,00E+06
1;150;7;2;6;2;10000;0,005;4,00E+06
1;150;7;2;7;12;1000;0,005;2,40E+06
1;150;7;2;8;2;10000;0,005;4,00E+06
1;150;8;0;1;6;10000;0,005;1,20E+07
1;150;8;0;2;5;10000;0,005;1,00E+07
1;150;8;0;3;3;10000;0,005;6,00E+06
1;150;8;0;4;3;10000;0,005;6,00E+06
1;150;8;0;5;27;1000;0,005;5,40E+06
1;150;8;0;6;5;10000;0,005;1,00E+07
1;150;8;0;7;4;10000;0,005;8,00E+06
1;150;8;0;8;2;10000;0,005;4,00E+06
2;330;1;128;1;5;10;0,005;1,00E+04
2;330;1;128;2;3;10;0,005;6,00E+03
2;330;1;128;3;4;10;0,005;8,00E+03
2;330;1;128;4;5;10;0,005;1,00E+04
2;330;1;128;5;2;10;0,005;4,00E+03
2;330;1;128;6;7;10;0,005;1,40E+04
2;330;1;128;7;4;10;0,005;8,00E+03
2;330;1;128;8;21;1;0,005;4,20E+03
2;330;2;64;1;5;100;0,005;1,00E+05
2;330;2;64;2;10;100;0,005;2,00E+05
2;330;2;64;3;2;100;0,005;4,00E+04
2;330;2;64;4;5;100;0,005;1,00E+05
2;330;2;64;5;11;100;0,005;2,20E+05
2;330;2;64;6;7;100;0,005;1,40E+05
2;330;2;64;7;7;100;0,005;1,40E+05
2;330;2;64;8;4;100;0,005;8,00E+04
2;330;3;32;1;20;1000;0,005;4,00E+06
2;330;3;32;2;6;10000;0,005;1,20E+07
2;330;3;32;3;1;10000;0,005;2,00E+06
2;330;3;32;4;1;10000;0,005;2,00E+06
2;330;3;32;5;2;10000;0,005;4,00E+06
2;330;3;32;6;3;10000;0,005;6,00E+06
2;330;3;32;7;2;10000;0,005;4,00E+06
2;330;3;32;8;2;10000;0,005;4,00E+06
2;330;4;16;1;6;10000;0,005;1,20E+07
2;330;4;16;2;9;10000;0,005;1,80E+07
2;330;4;16;3;6;10000;0,005;1,20E+07
2;330;4;16;4;39;1000;0,005;7,80E+06
2;330;4;16;5;4;10000;0,005;8,00E+06
2;330;4;16;6;4;10000;0,005;8,00E+06
2;330;4;16;7;7;10000;0,005;1,40E+07
2;330;4;16;8;7;10000;0,005;1,40E+07
2;330;5;8;1;6;10000;0,005;1,20E+07
2;330;5;8;2;10;10000;0,005;2,00E+07
2;330;5;8;3;10;10000;0,005;2,00E+07
2;330;5;8;4;8;10000;0,005;1,60E+07
2;330;5;8;5;7;10000;0,005;1,40E+07
2;330;5;8;6;15;10000;0,005;3,00E+07
2;330;5;8;7;25;10000;0,005;5,00E+07
2;330;5;8;8;20;10000;0,005;4,00E+07
2;330;6;4;1;24;10000;0,005;4,80E+07
2;330;6;4;2;17;10000;0,005;3,40E+07
2;330;6;4;3;11;10000;0,005;2,20E+07
2;330;6;4;4;9;10000;0,005;1,80E+07
2;330;6;4;5;15;10000;0,005;3,00E+07
2;330;6;4;6;3;100000;0,005;6,00E+07
2;330;6;4;7;3;100000;0,005;6,00E+07
2;330;6;4;8;2;100000;0,005;4,00E+07
2;330;7;2;1;3;100000;0,005;6,00E+07
2;330;7;2;2;2;100000;0,005;4,00E+07
2;330;7;2;3;4;100000;0,005;8,00E+07
2;330;7;2;4;4;100000;0,005;8,00E+07
2;330;7;2;5;14;10000;0,005;2,80E+07
2;330;7;2;6;5;100000;0,005;1,00E+08
2;330;7;2;7;27;10000;0,005;5,40E+07
2;330;7;2;8;28;10000;0,005;5,60E+07
2;330;8;0;1;2;100000;0,005;4,00E+07
2;330;8;0;2;3;100000;0,005;6,00E+07
2;330;8;0;3;4;100000;0,005;8,00E+07
2;330;8;0;4;17;10000;0,005;3,40E+07
2;330;8;0;5;2;100000;0,005;4,00E+07
2;330;8;0;6;25;10000;0,005;5,00E+07
2;330;8;0;7;4;100000;0,005;8,00E+07
2;330;8;0;8;4;100000;0,005;8,00E+07
3;420;1;128;1;0;10;0,005;0,00E+00
3;420;1;128;2;0;10;0,005;0,00E+00
3;420;1;128;3;0;10;0,005;0,00E+00
3;420;1;128;4;0;10;0,005;0,00E+00
3;420;1;128;5;1;1;0,005;2,00E+02
3;420;1;128;6;0;10;0,005;0,00E+00
3;420;1;128;7;0;10;0,005;0,00E+00
3;420;1;128;8;0;1;0,005;0,00E+00
3;420;2;64;1;5;10;0,005;1,00E+04
3;420;2;64;2;7;10;0,005;1,40E+04
3;420;2;64;3;5;10;0,005;1,00E+04
3;420;2;64;4;10;10;0,005;2,00E+04
3;420;2;64;5;6;10;0,005;1,20E+04
3;420;2;64;6;4;10;0,005;8,00E+03
3;420;2;64;7;3;10;0,005;6,00E+03
3;420;2;64;8;3;10;0,005;6,00E+03
3;420;3;32;1;6;1000;0,005;1,20E+06
3;420;3;32;2;6;1000;0,005;1,20E+06
3;420;3;32;3;7;1000;0,005;1,40E+06
3;420;3;32;4;9;1000;0,005;1,80E+06
3;420;3;32;5;6;1000;0,005;1,20E+06
3;420;3;32;6;10;1000;0,005;2,00E+06
3;420;3;32;7;7;1000;0,005;1,40E+06
3;420;3;32;8;7;1000;0,005;1,40E+06
3;420;4;16;1;11;10000;0,005;2,20E+07
3;420;4;16;2;2;10000;0,005;4,00E+06
3;420;4;16;3;4;10000;0,005;8,00E+06
3;420;4;16;4;3;10000;0,005;6,00E+06
3;420;4;16;5;4;10000;0,005;8,00E+06
3;420;4;16;6;4;10000;0,005;8,00E+06
3;420;4;16;7;6;10000;0,005;1,20E+07
3;420;4;16;8;7;10000;0,005;1,40E+07
3;420;5;8;1;7;10000;0,005;1,40E+07
3;420;5;8;2;7;10000;0,005;1,40E+07
3;420;5;8;3;10;10000;0,005;2,00E+07
3;420;5;8;4;7;10000;0,005;1,40E+07
3;420;5;8;5;8;10000;0,005;1,60E+07
3;420;5;8;6;14;10000;0,005;2,80E+07
3;420;5;8;7;11;10000;0,005;2,20E+07
3;420;5;8;8;16;10000;0,005;3,20E+07
3;420;6;4;1;3;100000;0,005;6,00E+07
3;420;6;4;2;11;10000;0,005;2,20E+07
3;420;6;4;3;22;10000;0,005;4,40E+07
3;420;6;4;4;19;10000;0,005;3,80E+07
3;420;6;4;5;3;100000;0,005;6,00E+07
3;420;6;4;6;2;100000;0,005;4,00E+07
3;420;6;4;7;5;100000;0,005;1,00E+08
3;420;6;4;8;6;100000;0,005;1,20E+08
3;420;7;2;1;30;10000;0,005;6,00E+07
3;420;7;2;2;3;100000;0,005;6,00E+07
3;420;7;2;3;4;100000;0,005;8,00E+07
3;420;7;2;4;3;100000;0,005;6,00E+07
3;420;7;2;5;5;100000;0,005;1,00E+08
3;420;7;2;6;3;100000;0,005;6,00E+07
3;420;7;2;7;3;100000;0,005;6,00E+07
3;420;7;2;8;5;100000;0,005;1,00E+08
3;420;8;0;1;30;10000;0,005;6,00E+07
3;420;8;0;2;8;100000;0,005;1,60E+08
3;420;8;0;3;9;1000;0,005;1,80E+06
3;420;8;0;4;6;100000;0,005;1,20E+08
3;420;8;0;5;31;10000;0,005;6,20E+07
3;420;8;0;6;7;100000;0,005;1,40E+08
3;420;8;0;7;3;100000;0,005;6,00E+07
3;420;8;0;8;5;100000;0,005;1,00E+08
4;1080;1;128;1;24;1;0,005;4,80E+03
4;1080;1;128;2;0;10;0,005;0,00E+00
4;1080;1;128;3;0;10;0,005;0,00E+00
4;1080;1;128;4;0;10;0,005;0,00E+00
4;1080;1;128;5;0;10;0,005;0,00E+00
4;1080;1;128;6;0;10;0,005;0,00E+00
4;1080;1;128;7;0;10;0,005;0,00E+00
4;1080;1;128;8;0;1;0,005;0,00E+00
4;1080;2;64;1;4;100;0,005;8,00E+04
4;1080;2;64;2;22;100;0,005;4,40E+05
4;1080;2;64;3;10;1000;0,005;2,00E+06
4;1080;2;64;4;8;1000;0,005;1,60E+06
4;1080;2;64;5;4;100;0,005;8,00E+04
4;1080;2;64;6;3;1000;0,005;6,00E+05
4;1080;2;64;7;7;1000;0,005;1,40E+06
4;1080;2;64;8;22;100;0,005;4,40E+05
4;1080;3;32;1;24;100000;0,005;4,80E+08
4;1080;3;32;2;22;100000;0,005;4,40E+08
4;1080;3;32;3;17;100000;0,005;3,40E+08
4;1080;3;32;4;14;100000;0,005;2,80E+08
4;1080;3;32;5;31;100000;0,005;6,20E+08
4;1080;3;32;6;22;100000;0,005;4,40E+08
4;1080;3;32;7;21;100000;0,005;4,20E+08
4;1080;3;32;8;23;100000;0,005;4,60E+08
4;1080;4;16;1;23;100000;0,005;4,60E+08
4;1080;4;16;2;26;100000;0,005;5,20E+08
4;1080;4;16;3;24;100000;0,005;4,80E+08
4;1080;4;16;4;29;100000;0,005;5,80E+08
4;1080;4;16;5;32;100000;0,005;6,40E+08
4;1080;4;16;6;31;100000;0,005;6,20E+08
4;1080;4;16;7;33;100000;0,005;6,60E+08
4;1080;4;16;8;30;100000;0,005;6,00E+08
4;1080;5;8;1;52;100000;0,005;1,04E+09
4;1080;5;8;2;38;100000;0,005;7,60E+08
4;1080;5;8;3;36;100000;0,005;7,20E+08
4;1080;5;8;4;40;100000;0,005;8,00E+08
4;1080;5;8;5;39;100000;0,005;7,80E+08
4;1080;5;8;6;35;100000;0,005;7,00E+08
4;1080;5;8;7;42;100000;0,005;8,40E+08
4;1080;5;8;8;38;100000;0,005;7,60E+08
4;1080;6;4;1;47;100000;0,005;9,40E+08
4;1080;6;4;2;48;100000;0,005;9,60E+08
4;1080;6;4;3;57;100000;0,005;1,14E+09
4;1080;6;4;4;30;100000;0,005;6,00E+08
4;1080;6;4;5;34;100000;0,005;6,80E+08
4;1080;6;4;6;9;100000;0,005;1,80E+08
4;1080;6;4;7;52;100000;0,005;1,04E+09
4;1080;6;4;8;40;100000;0,005;8,00E+08
4;1080;7;2;1;47;100000;0,005;9,40E+08
4;1080;7;2;2;41;100000;0,005;8,20E+08
4;1080;7;2;3;45;100000;0,005;9,00E+08
4;1080;7;2;4;29;100000;0,005;5,80E+08
4;1080;7;2;5;46;100000;0,005;9,20E+08
4;1080;7;2;6;35;100000;0,005;7,00E+08
4;1080;7;2;7;41;100000;0,005;8,20E+08
4;1080;7;2;8;45;100000;0,005;9,00E+08
4;1080;8;0;1;37;100000;0,005;7,40E+08
4;1080;8;0;2;37;100000;0,005;7,40E+08
4;1080;8;0;3;39;100000;0,005;7,80E+08
4;1080;8;0;4;41;100000;0,005;8,20E+08
4;1080;8;0;5;46;100000;0,005;9,20E+08
4;1080;8;0;6;16;100000;0,005;3,20E+08
4;1080;8;0;7;41;100000;0,005;8,20E+08
4;1080;8;0;8;37;100000;0,005;7,40E+08
5;1170;1;128;1;0;10;0,005;0,00E+00
5;1170;1;128;2;0;10;0,005;0,00E+00
5;1170;1;128;3;0;10;0,005;0,00E+00
5;1170;1;128;4;0;10;0,005;0,00E+00
5;1170;1;128;5;0;10;0,005;0,00E+00
5;1170;1;128;6;0;10;0,005;0,00E+00
5;1170;1;128;7;0;10;0,005;0,00E+00
5;1170;1;128;8;0;1;0,005;0,00E+00
5;1170;2;64;1;2;100;0,005;4,00E+04
5;1170;2;64;2;8;100;0,005;1,60E+05
5;1170;2;64;3;3;1000;0,005;6,00E+05
5;1170;2;64;4;3;1000;0,005;6,00E+05
5;1170;2;64;5;9;10;0,005;1,80E+04
5;1170;2;64;6;5;100;0,005;1,00E+05
5;1170;2;64;7;2;1000;0,005;4,00E+05
5;1170;2;64;8;2;100;0,005;4,00E+04
5;1170;3;32;1;17;100;0,005;3,40E+05
5;1170;3;32;2;2;1000;0,005;4,00E+05
5;1170;3;32;3;2;1000;0,005;4,00E+05
5;1170;3;32;4;3;1000;0,005;6,00E+05
5;1170;3;32;5;3;1000;0,005;6,00E+05
5;1170;3;32;6;12;1000;0,005;2,40E+06
5;1170;3;32;7;6;1000;0,005;1,20E+06
5;1170;3;32;8;4;1000;0,005;8,00E+05
5;1170;4;16;1;10;100000;0,005;2,00E+08
5;1170;4;16;2;11;100000;0,005;2,20E+08
5;1170;4;16;3;9;100000;0,005;1,80E+08
5;1170;4;16;4;14;100000;0,005;2,80E+08
5;1170;4;16;5;11;100000;0,005;2,20E+08
5;1170;4;16;6;3;100000;0,005;6,00E+07
5;1170;4;16;7;12;100000;0,005;2,40E+08
5;1170;4;16;8;7;100000;0,005;1,40E+08
5;1170;5;8;1;46;100000;0,005;9,20E+08
5;1170;5;8;2;32;100000;0,005;6,40E+08
5;1170;5;8;3;25;100000;0,005;5,00E+08
5;1170;5;8;4;38;100000;0,005;7,60E+08
5;1170;5;8;5;28;100000;0,005;5,60E+08
5;1170;5;8;6;28;100000;0,005;5,60E+08
5;1170;5;8;7;22;100000;0,005;4,40E+08
5;1170;5;8;8;16;100000;0,005;3,20E+08
5;1170;6;4;1;56;100000;0,005;1,12E+09
5;1170;6;4;2;33;100000;0,005;6,60E+08
5;1170;6;4;3;26;100000;0,005;5,20E+08
5;1170;6;4;4;21;100000;0,005;4,20E+08
5;1170;6;4;5;22;100000;0,005;4,40E+08
5;1170;6;4;6;25;100000;0,005;5,00E+08
5;1170;6;4;7;9;100000;0,005;1,80E+08
5;1170;6;4;8;19;100000;0,005;3,80E+08
5;1170;7;2;1;25;100000;0,005;5,00E+08
5;1170;7;2;2;25;100000;0,005;5,00E+08
5;1170;7;2;3;21;100000;0,005;4,20E+08
5;1170;7;2;4;16;100000;0,005;3,20E+08
5;1170;7;2;5;25;100000;0,005;5,00E+08
5;1170;7;2;6;17;100000;0,005;3,40E+08
5;1170;7;2;7;25;100000;0,005;5,00E+08
5;1170;7;2;8;25;100000;0,005;5,00E+08
5;1170;8;0;1;34;100000;0,005;6,80E+08
5;1170;8;0;2;21;100000;0,005;4,20E+08
5;1170;8;0;3;23;100000;0,005;4,60E+08
5;1170;8;0;4;23;100000;0,005;4,60E+08
5;1170;8;0;5;32;100000;0,005;6,40E+08
5;1170;8;0;6;24;100000;0,005;4,80E+08
5;1170;8;0;7;11;100000;0,005;2,20E+08
5;1170;8;0;8;26;100000;0,005;5,20E+08
